,customer_number,Cluster,cluster_name
0,14,1,Budget Buyers
1,45,1,Budget Buyers
2,52,0,Premium Buyers
3,61,1,Budget Buyers
4,63,0,Premium Buyers
5,67,2,Regular Buyers
6,68,4,Occassional Buyers
7,71,2,Regular Buyers
8,77,1,Budget Buyers
9,81,1,Budget Buyers
10,83,1,Budget Buyers
11,85,0,Premium Buyers
12,108,0,Premium Buyers
13,110,4,Occassional Buyers
14,111,1,Budget Buyers
15,117,0,Premium Buyers
16,119,3,Convenience-seeker Buyers
17,123,1,Budget Buyers
18,124,1,Budget Buyers
19,133,1,Budget Buyers
20,136,1,Budget Buyers
21,140,0,Premium Buyers
22,144,4,Occassional Buyers
23,149,4,Occassional Buyers
24,153,1,Budget Buyers
25,156,3,Convenience-seeker Buyers
26,157,2,Regular Buyers
27,166,4,Occassional Buyers
28,170,3,Convenience-seeker Buyers
29,176,0,Premium Buyers
30,182,0,Premium Buyers
31,186,3,Convenience-seeker Buyers
32,187,1,Budget Buyers
33,191,1,Budget Buyers
34,198,1,Budget Buyers
35,201,3,Convenience-seeker Buyers
36,202,0,Premium Buyers
37,206,3,Convenience-seeker Buyers
38,212,0,Premium Buyers
39,215,1,Budget Buyers
40,218,3,Convenience-seeker Buyers
41,221,1,Budget Buyers
42,230,4,Occassional Buyers
43,231,3,Convenience-seeker Buyers
44,232,2,Regular Buyers
45,236,3,Convenience-seeker Buyers
46,244,2,Regular Buyers
47,247,1,Budget Buyers
48,256,1,Budget Buyers
49,257,1,Budget Buyers
50,258,0,Premium Buyers
51,263,3,Convenience-seeker Buyers
52,269,1,Budget Buyers
53,275,4,Occassional Buyers
54,276,1,Budget Buyers
55,277,2,Regular Buyers
56,280,0,Premium Buyers
57,281,2,Regular Buyers
58,283,3,Convenience-seeker Buyers
59,305,4,Occassional Buyers
60,308,0,Premium Buyers
61,309,0,Premium Buyers
62,312,3,Convenience-seeker Buyers
63,320,1,Budget Buyers
64,324,4,Occassional Buyers
65,328,1,Budget Buyers
66,341,3,Convenience-seeker Buyers
67,342,1,Budget Buyers
68,349,1,Budget Buyers
69,350,1,Budget Buyers
70,352,1,Budget Buyers
71,356,0,Premium Buyers
72,357,2,Regular Buyers
73,359,1,Budget Buyers
74,362,1,Budget Buyers
75,367,2,Regular Buyers
76,368,1,Budget Buyers
77,372,1,Budget Buyers
78,385,1,Budget Buyers
79,386,3,Convenience-seeker Buyers
80,395,0,Premium Buyers
81,398,0,Premium Buyers
82,401,0,Premium Buyers
83,404,2,Regular Buyers
84,409,0,Premium Buyers
85,412,0,Premium Buyers
86,419,1,Budget Buyers
87,426,1,Budget Buyers
88,427,1,Budget Buyers
89,433,3,Convenience-seeker Buyers
90,434,4,Occassional Buyers
91,445,2,Regular Buyers
92,447,4,Occassional Buyers
93,459,1,Budget Buyers
94,474,1,Budget Buyers
95,475,1,Budget Buyers
96,496,1,Budget Buyers
97,498,3,Convenience-seeker Buyers
98,507,0,Premium Buyers
99,510,1,Budget Buyers
100,515,4,Occassional Buyers
101,521,0,Premium Buyers
102,523,1,Budget Buyers
103,535,1,Budget Buyers
104,538,1,Budget Buyers
105,540,1,Budget Buyers
106,541,4,Occassional Buyers
107,542,1,Budget Buyers
108,550,0,Premium Buyers
109,559,1,Budget Buyers
110,562,1,Budget Buyers
111,571,1,Budget Buyers
112,572,0,Premium Buyers
113,579,1,Budget Buyers
114,584,3,Convenience-seeker Buyers
115,588,1,Budget Buyers
116,589,2,Regular Buyers
117,594,2,Regular Buyers
118,611,0,Premium Buyers
119,616,3,Convenience-seeker Buyers
120,618,1,Budget Buyers
121,620,0,Premium Buyers
122,635,1,Budget Buyers
123,646,4,Occassional Buyers
124,647,1,Budget Buyers
125,649,4,Occassional Buyers
126,652,1,Budget Buyers
127,655,2,Regular Buyers
128,657,3,Convenience-seeker Buyers
129,662,1,Budget Buyers
130,667,3,Convenience-seeker Buyers
131,669,0,Premium Buyers
132,674,1,Budget Buyers
133,687,0,Premium Buyers
134,697,1,Budget Buyers
135,704,2,Regular Buyers
136,711,2,Regular Buyers
137,712,4,Occassional Buyers
138,717,0,Premium Buyers
139,724,1,Budget Buyers
140,725,0,Premium Buyers
141,732,0,Premium Buyers
142,734,3,Convenience-seeker Buyers
143,735,1,Budget Buyers
144,737,1,Budget Buyers
145,746,0,Premium Buyers
146,752,3,Convenience-seeker Buyers
147,755,4,Occassional Buyers
148,759,4,Occassional Buyers
149,770,1,Budget Buyers
150,777,4,Occassional Buyers
151,786,0,Premium Buyers
152,787,3,Convenience-seeker Buyers
153,788,4,Occassional Buyers
154,792,3,Convenience-seeker Buyers
155,795,4,Occassional Buyers
156,808,0,Premium Buyers
157,825,4,Occassional Buyers
158,827,1,Budget Buyers
159,828,3,Convenience-seeker Buyers
160,832,1,Budget Buyers
161,838,1,Budget Buyers
162,846,3,Convenience-seeker Buyers
163,848,1,Budget Buyers
164,850,4,Occassional Buyers
165,858,1,Budget Buyers
166,859,0,Premium Buyers
167,867,4,Occassional Buyers
168,871,3,Convenience-seeker Buyers
169,872,1,Budget Buyers
170,896,0,Premium Buyers
171,898,3,Convenience-seeker Buyers
172,905,2,Regular Buyers
173,906,1,Budget Buyers
174,910,3,Convenience-seeker Buyers
175,912,1,Budget Buyers
176,914,1,Budget Buyers
177,919,4,Occassional Buyers
178,921,3,Convenience-seeker Buyers
179,925,4,Occassional Buyers
180,928,0,Premium Buyers
181,935,1,Budget Buyers
182,937,3,Convenience-seeker Buyers
183,942,1,Budget Buyers
184,945,1,Budget Buyers
185,946,3,Convenience-seeker Buyers
186,951,0,Premium Buyers
187,953,1,Budget Buyers
188,972,4,Occassional Buyers
189,974,1,Budget Buyers
190,977,2,Regular Buyers
191,1008,2,Regular Buyers
192,1015,4,Occassional Buyers
193,1018,2,Regular Buyers
194,1019,2,Regular Buyers
195,1024,4,Occassional Buyers
196,1030,4,Occassional Buyers
197,1031,4,Occassional Buyers
198,1037,0,Premium Buyers
199,1043,1,Budget Buyers
200,1045,4,Occassional Buyers
201,1046,3,Convenience-seeker Buyers
202,1050,4,Occassional Buyers
203,1060,1,Budget Buyers
204,1064,3,Convenience-seeker Buyers
205,1071,1,Budget Buyers
206,1073,3,Convenience-seeker Buyers
207,1074,0,Premium Buyers
208,1075,0,Premium Buyers
209,1076,0,Premium Buyers
210,1078,4,Occassional Buyers
211,1079,2,Regular Buyers
212,1081,0,Premium Buyers
213,1083,1,Budget Buyers
214,1089,4,Occassional Buyers
215,1096,0,Premium Buyers
216,1101,1,Budget Buyers
217,1109,1,Budget Buyers
218,1113,1,Budget Buyers
219,1117,0,Premium Buyers
220,1118,3,Convenience-seeker Buyers
221,1121,4,Occassional Buyers
222,1122,3,Convenience-seeker Buyers
223,1128,3,Convenience-seeker Buyers
224,1129,2,Regular Buyers
225,1143,1,Budget Buyers
226,1145,0,Premium Buyers
227,1147,1,Budget Buyers
228,1149,2,Regular Buyers
229,1152,2,Regular Buyers
230,1163,0,Premium Buyers
231,1168,1,Budget Buyers
232,1172,1,Budget Buyers
233,1174,0,Premium Buyers
234,1195,1,Budget Buyers
235,1201,1,Budget Buyers
236,1206,3,Convenience-seeker Buyers
237,1212,0,Premium Buyers
238,1218,4,Occassional Buyers
239,1222,0,Premium Buyers
240,1223,1,Budget Buyers
241,1224,4,Occassional Buyers
242,1226,2,Regular Buyers
243,1228,0,Premium Buyers
244,1233,0,Premium Buyers
245,1241,3,Convenience-seeker Buyers
246,1242,1,Budget Buyers
247,1250,0,Premium Buyers
248,1253,3,Convenience-seeker Buyers
249,1254,2,Regular Buyers
250,1257,1,Budget Buyers
251,1265,1,Budget Buyers
252,1267,1,Budget Buyers
253,1268,1,Budget Buyers
254,1281,1,Budget Buyers
255,1284,4,Occassional Buyers
256,1286,1,Budget Buyers
257,1292,3,Convenience-seeker Buyers
258,1301,4,Occassional Buyers
259,1308,1,Budget Buyers
260,1322,0,Premium Buyers
261,1325,4,Occassional Buyers
262,1330,2,Regular Buyers
263,1340,1,Budget Buyers
264,1357,2,Regular Buyers
265,1364,0,Premium Buyers
266,1378,1,Budget Buyers
267,1379,0,Premium Buyers
268,1382,1,Budget Buyers
269,1388,1,Budget Buyers
270,1395,3,Convenience-seeker Buyers
271,1397,3,Convenience-seeker Buyers
272,1399,3,Convenience-seeker Buyers
273,1406,1,Budget Buyers
274,1412,0,Premium Buyers
275,1413,2,Regular Buyers
276,1419,1,Budget Buyers
277,1421,0,Premium Buyers
278,1432,1,Budget Buyers
279,1433,0,Premium Buyers
280,1437,1,Budget Buyers
281,1442,1,Budget Buyers
282,1446,1,Budget Buyers
283,1454,2,Regular Buyers
284,1461,3,Convenience-seeker Buyers
285,1464,1,Budget Buyers
286,1469,0,Premium Buyers
287,1473,4,Occassional Buyers
288,1474,1,Budget Buyers
289,1480,2,Regular Buyers
290,1484,3,Convenience-seeker Buyers
291,1497,0,Premium Buyers
292,1500,4,Occassional Buyers
293,1508,1,Budget Buyers
294,1509,0,Premium Buyers
295,1511,4,Occassional Buyers
296,1514,2,Regular Buyers
297,1519,4,Occassional Buyers
298,1520,1,Budget Buyers
299,1524,1,Budget Buyers
300,1529,4,Occassional Buyers
301,1540,4,Occassional Buyers
302,1557,1,Budget Buyers
303,1559,0,Premium Buyers
304,1567,1,Budget Buyers
305,1579,3,Convenience-seeker Buyers
306,1580,4,Occassional Buyers
307,1588,2,Regular Buyers
308,1589,1,Budget Buyers
309,1594,0,Premium Buyers
310,1595,1,Budget Buyers
311,1604,1,Budget Buyers
312,1617,1,Budget Buyers
313,1623,0,Premium Buyers
314,1626,3,Convenience-seeker Buyers
315,1642,4,Occassional Buyers
316,1652,0,Premium Buyers
317,1654,1,Budget Buyers
318,1657,4,Occassional Buyers
319,1663,0,Premium Buyers
320,1669,4,Occassional Buyers
321,1671,3,Convenience-seeker Buyers
322,1676,2,Regular Buyers
323,1696,2,Regular Buyers
324,1697,1,Budget Buyers
325,1704,0,Premium Buyers
326,1707,3,Convenience-seeker Buyers
327,1712,2,Regular Buyers
328,1716,1,Budget Buyers
329,1717,2,Regular Buyers
330,1721,1,Budget Buyers
331,1722,2,Regular Buyers
332,1730,1,Budget Buyers
333,1731,1,Budget Buyers
334,1759,3,Convenience-seeker Buyers
335,1760,1,Budget Buyers
336,1762,1,Budget Buyers
337,1764,4,Occassional Buyers
338,1770,1,Budget Buyers
339,1774,3,Convenience-seeker Buyers
340,1780,2,Regular Buyers
341,1793,2,Regular Buyers
342,1799,2,Regular Buyers
343,1800,1,Budget Buyers
344,1805,4,Occassional Buyers
345,1820,0,Premium Buyers
346,1831,0,Premium Buyers
347,1832,1,Budget Buyers
348,1849,1,Budget Buyers
349,1864,1,Budget Buyers
350,1865,0,Premium Buyers
351,1868,4,Occassional Buyers
352,1869,1,Budget Buyers
353,1874,3,Convenience-seeker Buyers
354,1886,1,Budget Buyers
355,1891,3,Convenience-seeker Buyers
356,1893,1,Budget Buyers
357,1894,1,Budget Buyers
358,1901,3,Convenience-seeker Buyers
359,1903,1,Budget Buyers
360,1904,0,Premium Buyers
361,1905,1,Budget Buyers
362,1910,4,Occassional Buyers
363,1911,1,Budget Buyers
364,1918,1,Budget Buyers
365,1922,3,Convenience-seeker Buyers
366,1923,2,Regular Buyers
367,1925,1,Budget Buyers
368,1926,3,Convenience-seeker Buyers
369,1932,4,Occassional Buyers
370,1935,4,Occassional Buyers
371,1937,1,Budget Buyers
372,1938,3,Convenience-seeker Buyers
373,1939,3,Convenience-seeker Buyers
374,1943,1,Budget Buyers
375,1944,1,Budget Buyers
376,1969,1,Budget Buyers
377,1978,0,Premium Buyers
378,1979,1,Budget Buyers
379,1988,4,Occassional Buyers
380,1989,1,Budget Buyers
381,1999,2,Regular Buyers
382,2011,3,Convenience-seeker Buyers
383,2014,1,Budget Buyers
384,2019,1,Budget Buyers
385,2024,3,Convenience-seeker Buyers
386,2029,1,Budget Buyers
387,2049,1,Budget Buyers
388,2056,4,Occassional Buyers
389,2063,2,Regular Buyers
390,2066,2,Regular Buyers
391,2067,2,Regular Buyers
392,2083,1,Budget Buyers
393,2110,4,Occassional Buyers
394,2111,2,Regular Buyers
395,2117,3,Convenience-seeker Buyers
396,2125,1,Budget Buyers
397,2131,2,Regular Buyers
398,2132,2,Regular Buyers
399,2138,0,Premium Buyers
400,2139,4,Occassional Buyers
401,2140,0,Premium Buyers
402,2141,2,Regular Buyers
403,2146,1,Budget Buyers
404,2154,1,Budget Buyers
405,2162,1,Budget Buyers
406,2174,0,Premium Buyers
407,2177,0,Premium Buyers
408,2182,4,Occassional Buyers
409,2183,4,Occassional Buyers
410,2192,1,Budget Buyers
411,2198,2,Regular Buyers
412,2207,2,Regular Buyers
413,2209,1,Budget Buyers
414,2214,2,Regular Buyers
415,2216,1,Budget Buyers
416,2225,2,Regular Buyers
417,2226,1,Budget Buyers
418,2232,3,Convenience-seeker Buyers
419,2233,3,Convenience-seeker Buyers
420,2239,1,Budget Buyers
421,2242,4,Occassional Buyers
422,2243,2,Regular Buyers
423,2256,0,Premium Buyers
424,2260,2,Regular Buyers
425,2263,3,Convenience-seeker Buyers
426,2275,3,Convenience-seeker Buyers
427,2277,3,Convenience-seeker Buyers
428,2279,4,Occassional Buyers
429,2282,1,Budget Buyers
430,2290,1,Budget Buyers
431,2291,1,Budget Buyers
432,2301,4,Occassional Buyers
433,2312,1,Budget Buyers
434,2313,4,Occassional Buyers
435,2322,3,Convenience-seeker Buyers
436,2326,2,Regular Buyers
437,2327,0,Premium Buyers
438,2352,4,Occassional Buyers
439,2359,0,Premium Buyers
440,2366,2,Regular Buyers
441,2370,0,Premium Buyers
442,2376,0,Premium Buyers
443,2377,3,Convenience-seeker Buyers
444,2379,4,Occassional Buyers
445,2388,1,Budget Buyers
446,2392,4,Occassional Buyers
447,2414,1,Budget Buyers
448,2417,1,Budget Buyers
449,2427,2,Regular Buyers
450,2431,2,Regular Buyers
451,2438,1,Budget Buyers
452,2442,1,Budget Buyers
453,2445,0,Premium Buyers
454,2450,2,Regular Buyers
455,2451,1,Budget Buyers
456,2452,3,Convenience-seeker Buyers
457,2466,1,Budget Buyers
458,2469,3,Convenience-seeker Buyers
459,2470,1,Budget Buyers
460,2473,1,Budget Buyers
461,2476,3,Convenience-seeker Buyers
462,2498,1,Budget Buyers
463,2499,1,Budget Buyers
464,2500,2,Regular Buyers
465,2501,0,Premium Buyers
466,2503,3,Convenience-seeker Buyers
467,2511,2,Regular Buyers
468,2514,1,Budget Buyers
469,2519,1,Budget Buyers
470,2522,4,Occassional Buyers
471,2532,1,Budget Buyers
472,2539,4,Occassional Buyers
473,2559,3,Convenience-seeker Buyers
474,2566,4,Occassional Buyers
475,2568,0,Premium Buyers
476,2573,3,Convenience-seeker Buyers
477,2575,3,Convenience-seeker Buyers
478,2581,0,Premium Buyers
479,2588,2,Regular Buyers
480,2590,0,Premium Buyers
481,2600,0,Premium Buyers
482,2603,3,Convenience-seeker Buyers
483,2604,1,Budget Buyers
484,2606,1,Budget Buyers
485,2614,2,Regular Buyers
486,2622,1,Budget Buyers
487,2623,3,Convenience-seeker Buyers
488,2628,3,Convenience-seeker Buyers
489,2636,1,Budget Buyers
490,2638,4,Occassional Buyers
491,2642,3,Convenience-seeker Buyers
492,2643,1,Budget Buyers
493,2645,1,Budget Buyers
494,2649,0,Premium Buyers
495,2653,1,Budget Buyers
496,2657,1,Budget Buyers
497,2660,2,Regular Buyers
498,2662,1,Budget Buyers
499,2664,4,Occassional Buyers
500,2667,1,Budget Buyers
501,2669,4,Occassional Buyers
502,2671,2,Regular Buyers
503,2678,2,Regular Buyers
504,2684,3,Convenience-seeker Buyers
505,2692,2,Regular Buyers
506,2695,4,Occassional Buyers
507,2705,2,Regular Buyers
508,2716,3,Convenience-seeker Buyers
509,2737,1,Budget Buyers
510,2744,1,Budget Buyers
511,2754,3,Convenience-seeker Buyers
512,2758,1,Budget Buyers
513,2760,0,Premium Buyers
514,2761,3,Convenience-seeker Buyers
515,2764,1,Budget Buyers
516,2772,1,Budget Buyers
517,2777,3,Convenience-seeker Buyers
518,2780,4,Occassional Buyers
519,2782,4,Occassional Buyers
520,2784,1,Budget Buyers
521,2792,4,Occassional Buyers
522,2795,4,Occassional Buyers
523,2798,1,Budget Buyers
524,2802,3,Convenience-seeker Buyers
525,2807,1,Budget Buyers
526,2820,4,Occassional Buyers
527,2832,1,Budget Buyers
528,2833,1,Budget Buyers
529,2834,2,Regular Buyers
530,2837,3,Convenience-seeker Buyers
531,2842,4,Occassional Buyers
532,2848,2,Regular Buyers
533,2852,1,Budget Buyers
534,2856,1,Budget Buyers
535,2861,0,Premium Buyers
536,2862,1,Budget Buyers
537,2865,0,Premium Buyers
538,2870,4,Occassional Buyers
539,2874,2,Regular Buyers
540,2880,4,Occassional Buyers
541,2882,0,Premium Buyers
542,2883,1,Budget Buyers
543,2888,3,Convenience-seeker Buyers
544,2892,3,Convenience-seeker Buyers
545,2897,2,Regular Buyers
546,2898,1,Budget Buyers
547,2899,4,Occassional Buyers
548,2901,1,Budget Buyers
549,2903,1,Budget Buyers
550,2905,0,Premium Buyers
551,2906,3,Convenience-seeker Buyers
552,2916,1,Budget Buyers
553,2917,1,Budget Buyers
554,2920,1,Budget Buyers
555,2921,1,Budget Buyers
556,2922,0,Premium Buyers
557,2923,1,Budget Buyers
558,2925,1,Budget Buyers
559,2928,2,Regular Buyers
560,2937,0,Premium Buyers
561,2977,3,Convenience-seeker Buyers
562,2981,1,Budget Buyers
563,2982,1,Budget Buyers
564,2986,3,Convenience-seeker Buyers
565,2988,0,Premium Buyers
566,2989,1,Budget Buyers
567,2994,0,Premium Buyers
568,3003,1,Budget Buyers
569,3004,1,Budget Buyers
570,3008,3,Convenience-seeker Buyers
571,3023,1,Budget Buyers
572,3027,4,Occassional Buyers
573,3028,1,Budget Buyers
574,3038,3,Convenience-seeker Buyers
575,3046,4,Occassional Buyers
576,3050,4,Occassional Buyers
577,3054,1,Budget Buyers
578,3064,0,Premium Buyers
579,3065,0,Premium Buyers
580,3066,1,Budget Buyers
581,3070,0,Premium Buyers
582,3076,2,Regular Buyers
583,3087,1,Budget Buyers
584,3092,2,Regular Buyers
585,3096,1,Budget Buyers
586,3116,3,Convenience-seeker Buyers
587,3117,0,Premium Buyers
588,3122,3,Convenience-seeker Buyers
589,3126,3,Convenience-seeker Buyers
590,3127,1,Budget Buyers
591,3128,3,Convenience-seeker Buyers
592,3139,2,Regular Buyers
593,3144,3,Convenience-seeker Buyers
594,3145,4,Occassional Buyers
595,3148,4,Occassional Buyers
596,3149,1,Budget Buyers
597,3152,1,Budget Buyers
598,3155,4,Occassional Buyers
599,3158,3,Convenience-seeker Buyers
600,3165,1,Budget Buyers
601,3167,1,Budget Buyers
602,3168,4,Occassional Buyers
603,3170,1,Budget Buyers
604,3172,2,Regular Buyers
605,3176,1,Budget Buyers
606,3177,1,Budget Buyers
607,3181,4,Occassional Buyers
608,3182,0,Premium Buyers
609,3193,0,Premium Buyers
610,3196,1,Budget Buyers
611,3200,1,Budget Buyers
612,3202,3,Convenience-seeker Buyers
613,3203,2,Regular Buyers
614,3210,3,Convenience-seeker Buyers
615,3213,1,Budget Buyers
616,3214,3,Convenience-seeker Buyers
617,3218,4,Occassional Buyers
618,3230,2,Regular Buyers
619,3243,2,Regular Buyers
620,3269,1,Budget Buyers
621,3278,1,Budget Buyers
622,3289,4,Occassional Buyers
623,3293,1,Budget Buyers
624,3311,0,Premium Buyers
625,3315,1,Budget Buyers
626,3325,4,Occassional Buyers
627,3331,2,Regular Buyers
628,3351,0,Premium Buyers
629,3353,2,Regular Buyers
630,3355,4,Occassional Buyers
631,3363,0,Premium Buyers
632,3386,2,Regular Buyers
633,3391,1,Budget Buyers
634,3394,1,Budget Buyers
635,3395,4,Occassional Buyers
636,3398,1,Budget Buyers
637,3420,0,Premium Buyers
638,3424,1,Budget Buyers
639,3431,1,Budget Buyers
640,3433,2,Regular Buyers
641,3446,2,Regular Buyers
642,3447,1,Budget Buyers
643,3451,3,Convenience-seeker Buyers
644,3452,3,Convenience-seeker Buyers
645,3455,3,Convenience-seeker Buyers
646,3457,4,Occassional Buyers
647,3458,2,Regular Buyers
648,3463,0,Premium Buyers
649,3468,1,Budget Buyers
650,3472,0,Premium Buyers
651,3497,0,Premium Buyers
652,3513,1,Budget Buyers
653,3529,0,Premium Buyers
654,3530,4,Occassional Buyers
655,3541,0,Premium Buyers
656,3545,4,Occassional Buyers
657,3552,0,Premium Buyers
658,3555,0,Premium Buyers
659,3566,0,Premium Buyers
660,3568,1,Budget Buyers
661,3570,2,Regular Buyers
662,3571,2,Regular Buyers
663,3579,1,Budget Buyers
664,3583,3,Convenience-seeker Buyers
665,3586,1,Budget Buyers
666,3587,1,Budget Buyers
667,3594,3,Convenience-seeker Buyers
668,3597,3,Convenience-seeker Buyers
669,3605,3,Convenience-seeker Buyers
670,3606,3,Convenience-seeker Buyers
671,3613,3,Convenience-seeker Buyers
672,3617,0,Premium Buyers
673,3622,3,Convenience-seeker Buyers
674,3633,4,Occassional Buyers
675,3636,2,Regular Buyers
676,3641,1,Budget Buyers
677,3644,2,Regular Buyers
678,3647,3,Convenience-seeker Buyers
679,3660,2,Regular Buyers
680,3663,2,Regular Buyers
681,3671,4,Occassional Buyers
682,3676,0,Premium Buyers
683,3679,0,Premium Buyers
684,3685,3,Convenience-seeker Buyers
685,3686,3,Convenience-seeker Buyers
686,3690,0,Premium Buyers
687,3693,0,Premium Buyers
688,3695,0,Premium Buyers
689,3701,3,Convenience-seeker Buyers
690,3702,2,Regular Buyers
691,3711,3,Convenience-seeker Buyers
692,3715,3,Convenience-seeker Buyers
693,3727,3,Convenience-seeker Buyers
694,3728,2,Regular Buyers
695,3730,1,Budget Buyers
696,3733,3,Convenience-seeker Buyers
697,3740,0,Premium Buyers
698,3741,4,Occassional Buyers
699,3745,0,Premium Buyers
700,3756,3,Convenience-seeker Buyers
701,3759,4,Occassional Buyers
702,3760,4,Occassional Buyers
703,3763,3,Convenience-seeker Buyers
704,3780,1,Budget Buyers
705,3781,0,Premium Buyers
706,3789,1,Budget Buyers
707,3798,3,Convenience-seeker Buyers
708,3817,3,Convenience-seeker Buyers
709,3818,0,Premium Buyers
710,3819,0,Premium Buyers
711,3820,0,Premium Buyers
712,3830,3,Convenience-seeker Buyers
713,3838,0,Premium Buyers
714,3839,3,Convenience-seeker Buyers
715,3843,1,Budget Buyers
716,3844,1,Budget Buyers
717,3845,0,Premium Buyers
718,3848,3,Convenience-seeker Buyers
719,3855,1,Budget Buyers
720,3865,3,Convenience-seeker Buyers
721,3870,4,Occassional Buyers
722,3877,0,Premium Buyers
723,3881,1,Budget Buyers
724,3887,3,Convenience-seeker Buyers
725,3892,3,Convenience-seeker Buyers
726,3893,3,Convenience-seeker Buyers
727,3902,1,Budget Buyers
728,3940,4,Occassional Buyers
729,3945,3,Convenience-seeker Buyers
730,3947,3,Convenience-seeker Buyers
731,3949,3,Convenience-seeker Buyers
732,3953,0,Premium Buyers
733,3961,2,Regular Buyers
734,3967,4,Occassional Buyers
735,3968,4,Occassional Buyers
736,3973,4,Occassional Buyers
737,3978,3,Convenience-seeker Buyers
738,3990,0,Premium Buyers
739,3997,1,Budget Buyers
740,4005,1,Budget Buyers
741,4006,4,Occassional Buyers
742,4020,1,Budget Buyers
743,4024,4,Occassional Buyers
744,4025,3,Convenience-seeker Buyers
745,4028,1,Budget Buyers
746,4030,3,Convenience-seeker Buyers
747,4035,1,Budget Buyers
748,4042,1,Budget Buyers
749,4044,0,Premium Buyers
750,4045,2,Regular Buyers
751,4047,3,Convenience-seeker Buyers
752,4051,1,Budget Buyers
753,4053,0,Premium Buyers
754,4063,3,Convenience-seeker Buyers
755,4066,4,Occassional Buyers
756,4069,0,Premium Buyers
757,4070,3,Convenience-seeker Buyers
758,4073,1,Budget Buyers
759,4075,0,Premium Buyers
760,4079,3,Convenience-seeker Buyers
761,4082,4,Occassional Buyers
762,4083,3,Convenience-seeker Buyers
763,4084,4,Occassional Buyers
764,4086,1,Budget Buyers
765,4098,1,Budget Buyers
766,4109,3,Convenience-seeker Buyers
767,4118,0,Premium Buyers
768,4134,3,Convenience-seeker Buyers
769,4135,1,Budget Buyers
770,4140,3,Convenience-seeker Buyers
771,4149,1,Budget Buyers
772,4151,3,Convenience-seeker Buyers
773,4158,0,Premium Buyers
774,4163,3,Convenience-seeker Buyers
775,4166,0,Premium Buyers
776,4173,4,Occassional Buyers
777,4176,1,Budget Buyers
778,4187,1,Budget Buyers
779,4188,0,Premium Buyers
780,4193,3,Convenience-seeker Buyers
781,4207,3,Convenience-seeker Buyers
782,4219,3,Convenience-seeker Buyers
783,4231,1,Budget Buyers
784,4232,3,Convenience-seeker Buyers
785,4235,1,Budget Buyers
786,4238,3,Convenience-seeker Buyers
787,4242,0,Premium Buyers
788,4243,1,Budget Buyers
789,4245,3,Convenience-seeker Buyers
790,4254,0,Premium Buyers
791,4257,4,Occassional Buyers
792,4258,3,Convenience-seeker Buyers
793,4268,1,Budget Buyers
794,4278,1,Budget Buyers
795,4279,0,Premium Buyers
796,4280,0,Premium Buyers
797,4285,0,Premium Buyers
798,4290,3,Convenience-seeker Buyers
799,4294,3,Convenience-seeker Buyers
800,4300,2,Regular Buyers
801,4305,0,Premium Buyers
802,4307,2,Regular Buyers
803,4323,1,Budget Buyers
804,4338,1,Budget Buyers
805,4339,2,Regular Buyers
806,4348,1,Budget Buyers
807,4351,0,Premium Buyers
808,4354,2,Regular Buyers
809,4355,1,Budget Buyers
810,4361,3,Convenience-seeker Buyers
811,4365,3,Convenience-seeker Buyers
812,4368,2,Regular Buyers
813,4376,4,Occassional Buyers
814,4378,0,Premium Buyers
815,4383,0,Premium Buyers
816,4384,3,Convenience-seeker Buyers
817,4391,1,Budget Buyers
818,4407,0,Premium Buyers
819,4411,3,Convenience-seeker Buyers
820,4416,3,Convenience-seeker Buyers
821,4421,3,Convenience-seeker Buyers
822,4423,3,Convenience-seeker Buyers
823,4434,3,Convenience-seeker Buyers
824,4437,0,Premium Buyers
825,4440,3,Convenience-seeker Buyers
826,4446,1,Budget Buyers
827,4451,0,Premium Buyers
828,4453,3,Convenience-seeker Buyers
829,4454,2,Regular Buyers
830,4455,3,Convenience-seeker Buyers
831,4459,2,Regular Buyers
832,4460,4,Occassional Buyers
833,4481,0,Premium Buyers
834,4484,0,Premium Buyers
835,4496,1,Budget Buyers
836,4497,3,Convenience-seeker Buyers
837,4499,2,Regular Buyers
838,4500,2,Regular Buyers
839,4503,1,Budget Buyers
840,4513,3,Convenience-seeker Buyers
841,4517,1,Budget Buyers
842,4518,3,Convenience-seeker Buyers
843,4547,0,Premium Buyers
844,4549,2,Regular Buyers
845,4552,3,Convenience-seeker Buyers
846,4559,3,Convenience-seeker Buyers
847,4570,0,Premium Buyers
848,4572,1,Budget Buyers
849,4581,3,Convenience-seeker Buyers
850,4586,3,Convenience-seeker Buyers
851,4587,2,Regular Buyers
852,4593,3,Convenience-seeker Buyers
853,4597,1,Budget Buyers
854,4600,3,Convenience-seeker Buyers
855,4603,1,Budget Buyers
856,4608,2,Regular Buyers
857,4620,1,Budget Buyers
858,4622,0,Premium Buyers
859,4636,1,Budget Buyers
860,4637,1,Budget Buyers
861,4639,1,Budget Buyers
862,4648,3,Convenience-seeker Buyers
863,4664,3,Convenience-seeker Buyers
864,4667,3,Convenience-seeker Buyers
865,4669,2,Regular Buyers
866,4670,3,Convenience-seeker Buyers
867,4675,2,Regular Buyers
868,4683,1,Budget Buyers
869,4691,3,Convenience-seeker Buyers
870,4694,4,Occassional Buyers
871,4696,3,Convenience-seeker Buyers
872,4703,0,Premium Buyers
873,4709,4,Occassional Buyers
874,4711,3,Convenience-seeker Buyers
875,4715,3,Convenience-seeker Buyers
876,4724,0,Premium Buyers
877,4725,3,Convenience-seeker Buyers
878,4726,3,Convenience-seeker Buyers
879,4730,0,Premium Buyers
880,4740,1,Budget Buyers
881,4745,4,Occassional Buyers
882,4749,0,Premium Buyers
883,4754,3,Convenience-seeker Buyers
884,4757,1,Budget Buyers
885,4769,3,Convenience-seeker Buyers
886,4770,3,Convenience-seeker Buyers
887,4776,0,Premium Buyers
888,4781,0,Premium Buyers
889,4790,1,Budget Buyers
890,4794,0,Premium Buyers
891,4801,4,Occassional Buyers
892,4804,3,Convenience-seeker Buyers
893,4805,3,Convenience-seeker Buyers
894,4806,4,Occassional Buyers
895,4807,3,Convenience-seeker Buyers
896,4810,3,Convenience-seeker Buyers
897,4812,0,Premium Buyers
898,4833,1,Budget Buyers
899,4836,1,Budget Buyers
900,4848,0,Premium Buyers
901,4857,3,Convenience-seeker Buyers
902,4861,0,Premium Buyers
903,4865,1,Budget Buyers
904,4869,0,Premium Buyers
905,4873,0,Premium Buyers
906,4875,3,Convenience-seeker Buyers
907,4876,3,Convenience-seeker Buyers
908,4880,3,Convenience-seeker Buyers
909,4882,3,Convenience-seeker Buyers
910,4895,3,Convenience-seeker Buyers
911,4897,3,Convenience-seeker Buyers
912,4900,2,Regular Buyers
913,4905,3,Convenience-seeker Buyers
914,4917,3,Convenience-seeker Buyers
915,4919,3,Convenience-seeker Buyers
916,4922,0,Premium Buyers
917,4924,3,Convenience-seeker Buyers
918,4934,0,Premium Buyers
919,4941,0,Premium Buyers
920,4942,3,Convenience-seeker Buyers
921,4949,0,Premium Buyers
922,4970,0,Premium Buyers
923,4976,3,Convenience-seeker Buyers
924,4978,1,Budget Buyers
925,4984,3,Convenience-seeker Buyers
926,4993,3,Convenience-seeker Buyers
927,4994,2,Regular Buyers
928,5006,0,Premium Buyers
929,5008,0,Premium Buyers
930,5009,3,Convenience-seeker Buyers
931,5011,2,Regular Buyers
932,5013,3,Convenience-seeker Buyers
933,5025,3,Convenience-seeker Buyers
934,5029,0,Premium Buyers
935,5031,0,Premium Buyers
936,5036,2,Regular Buyers
937,5044,0,Premium Buyers
938,5050,4,Occassional Buyers
939,5053,2,Regular Buyers
940,5055,0,Premium Buyers
941,5056,3,Convenience-seeker Buyers
942,5057,2,Regular Buyers
943,5058,3,Convenience-seeker Buyers
944,5060,2,Regular Buyers
945,5066,1,Budget Buyers
946,5076,3,Convenience-seeker Buyers
947,5080,1,Budget Buyers
948,5081,4,Occassional Buyers
949,5090,2,Regular Buyers
950,5091,2,Regular Buyers
951,5092,3,Convenience-seeker Buyers
952,5093,3,Convenience-seeker Buyers
953,5104,0,Premium Buyers
954,5105,0,Premium Buyers
955,5107,3,Convenience-seeker Buyers
956,5110,2,Regular Buyers
957,5130,4,Occassional Buyers
958,5134,3,Convenience-seeker Buyers
959,5137,3,Convenience-seeker Buyers
960,5146,0,Premium Buyers
961,5169,3,Convenience-seeker Buyers
962,5170,1,Budget Buyers
963,5175,3,Convenience-seeker Buyers
964,5179,1,Budget Buyers
965,5185,3,Convenience-seeker Buyers
966,5189,2,Regular Buyers
967,5198,1,Budget Buyers
968,5204,3,Convenience-seeker Buyers
969,5215,0,Premium Buyers
970,5233,3,Convenience-seeker Buyers
971,5234,0,Premium Buyers
972,5240,1,Budget Buyers
973,5242,1,Budget Buyers
974,5246,0,Premium Buyers
975,5256,2,Regular Buyers
976,5261,4,Occassional Buyers
977,5264,0,Premium Buyers
978,5268,0,Premium Buyers
979,5275,4,Occassional Buyers
980,5284,3,Convenience-seeker Buyers
981,5290,3,Convenience-seeker Buyers
982,5296,0,Premium Buyers
983,5310,0,Premium Buyers
984,5319,0,Premium Buyers
985,5320,3,Convenience-seeker Buyers
986,5321,1,Budget Buyers
987,5328,3,Convenience-seeker Buyers
988,5330,4,Occassional Buyers
989,5331,3,Convenience-seeker Buyers
990,5332,3,Convenience-seeker Buyers
991,5339,4,Occassional Buyers
992,5340,3,Convenience-seeker Buyers
993,5345,0,Premium Buyers
994,5351,0,Premium Buyers
995,5356,0,Premium Buyers
996,5358,0,Premium Buyers
997,5360,2,Regular Buyers
998,5363,0,Premium Buyers
999,5364,2,Regular Buyers
1000,5365,0,Premium Buyers
1001,5373,4,Occassional Buyers
1002,5377,3,Convenience-seeker Buyers
1003,5378,2,Regular Buyers
1004,5393,3,Convenience-seeker Buyers
1005,5399,0,Premium Buyers
1006,5407,1,Budget Buyers
1007,5426,2,Regular Buyers
1008,5431,3,Convenience-seeker Buyers
1009,5440,4,Occassional Buyers
1010,5453,1,Budget Buyers
1011,5455,1,Budget Buyers
1012,5457,0,Premium Buyers
1013,5460,2,Regular Buyers
1014,5467,2,Regular Buyers
1015,5470,3,Convenience-seeker Buyers
1016,5472,0,Premium Buyers
1017,5485,0,Premium Buyers
1018,5492,0,Premium Buyers
1019,5498,2,Regular Buyers
1020,5501,3,Convenience-seeker Buyers
1021,5502,3,Convenience-seeker Buyers
1022,5503,4,Occassional Buyers
1023,5510,0,Premium Buyers
1024,5512,2,Regular Buyers
1025,5518,0,Premium Buyers
1026,5530,0,Premium Buyers
1027,5533,0,Premium Buyers
1028,5540,0,Premium Buyers
1029,5542,1,Budget Buyers
1030,5543,3,Convenience-seeker Buyers
1031,5544,3,Convenience-seeker Buyers
1032,5550,0,Premium Buyers
1033,5553,1,Budget Buyers
1034,5556,4,Occassional Buyers
1035,5557,1,Budget Buyers
1036,5558,3,Convenience-seeker Buyers
1037,5561,3,Convenience-seeker Buyers
1038,5562,3,Convenience-seeker Buyers
1039,5578,3,Convenience-seeker Buyers
1040,5580,2,Regular Buyers
1041,5593,0,Premium Buyers
1042,5596,3,Convenience-seeker Buyers
1043,5601,0,Premium Buyers
1044,5615,0,Premium Buyers
1045,5622,0,Premium Buyers
1046,5625,3,Convenience-seeker Buyers
1047,5630,4,Occassional Buyers
1048,5631,3,Convenience-seeker Buyers
1049,5635,0,Premium Buyers
1050,5636,1,Budget Buyers
1051,5641,3,Convenience-seeker Buyers
1052,5642,0,Premium Buyers
1053,5647,3,Convenience-seeker Buyers
1054,5664,2,Regular Buyers
1055,5665,0,Premium Buyers
1056,5667,3,Convenience-seeker Buyers
1057,5676,3,Convenience-seeker Buyers
1058,5679,0,Premium Buyers
1059,5696,2,Regular Buyers
1060,5702,0,Premium Buyers
1061,5703,2,Regular Buyers
1062,5704,2,Regular Buyers
1063,5706,0,Premium Buyers
1064,5709,0,Premium Buyers
1065,5722,3,Convenience-seeker Buyers
1066,5730,3,Convenience-seeker Buyers
1067,5731,3,Convenience-seeker Buyers
1068,5754,0,Premium Buyers
1069,5764,3,Convenience-seeker Buyers
1070,5765,0,Premium Buyers
1071,5785,0,Premium Buyers
1072,5799,4,Occassional Buyers
1073,5802,0,Premium Buyers
1074,5806,3,Convenience-seeker Buyers
1075,5817,3,Convenience-seeker Buyers
1076,5831,3,Convenience-seeker Buyers
1077,5832,4,Occassional Buyers
1078,5852,2,Regular Buyers
1079,5858,1,Budget Buyers
1080,5860,3,Convenience-seeker Buyers
1081,5864,3,Convenience-seeker Buyers
1082,5868,0,Premium Buyers
1083,5869,0,Premium Buyers
1084,5871,0,Premium Buyers
1085,5878,3,Convenience-seeker Buyers
1086,5888,1,Budget Buyers
1087,5901,0,Premium Buyers
1088,5903,3,Convenience-seeker Buyers
1089,5908,3,Convenience-seeker Buyers
1090,5920,3,Convenience-seeker Buyers
1091,5927,1,Budget Buyers
1092,5936,1,Budget Buyers
1093,5942,4,Occassional Buyers
1094,5943,0,Premium Buyers
1095,5944,3,Convenience-seeker Buyers
1096,5948,0,Premium Buyers
1097,5949,1,Budget Buyers
1098,5950,1,Budget Buyers
1099,5951,3,Convenience-seeker Buyers
1100,5956,1,Budget Buyers
1101,5965,1,Budget Buyers
1102,5984,3,Convenience-seeker Buyers
1103,5985,3,Convenience-seeker Buyers
1104,5986,2,Regular Buyers
1105,5989,4,Occassional Buyers
1106,5994,3,Convenience-seeker Buyers
1107,5995,3,Convenience-seeker Buyers
1108,6000,4,Occassional Buyers
1109,6001,3,Convenience-seeker Buyers
1110,6002,3,Convenience-seeker Buyers
1111,6012,0,Premium Buyers
1112,6021,3,Convenience-seeker Buyers
1113,6022,4,Occassional Buyers
1114,6024,4,Occassional Buyers
1115,6028,0,Premium Buyers
1116,6032,2,Regular Buyers
1117,6040,1,Budget Buyers
1118,6042,0,Premium Buyers
1119,6043,4,Occassional Buyers
1120,6056,3,Convenience-seeker Buyers
1121,6059,1,Budget Buyers
1122,6063,3,Convenience-seeker Buyers
1123,6067,0,Premium Buyers
1124,6069,4,Occassional Buyers
1125,6070,3,Convenience-seeker Buyers
1126,6072,0,Premium Buyers
1127,6073,0,Premium Buyers
1128,6074,0,Premium Buyers
1129,6079,3,Convenience-seeker Buyers
1130,6080,3,Convenience-seeker Buyers
1131,6081,3,Convenience-seeker Buyers
1132,6083,3,Convenience-seeker Buyers
1133,6086,3,Convenience-seeker Buyers
1134,6089,3,Convenience-seeker Buyers
1135,6097,2,Regular Buyers
1136,6114,3,Convenience-seeker Buyers
1137,6115,0,Premium Buyers
1138,6117,1,Budget Buyers
1139,6120,3,Convenience-seeker Buyers
1140,6124,2,Regular Buyers
1141,6126,3,Convenience-seeker Buyers
1142,6144,4,Occassional Buyers
1143,6153,2,Regular Buyers
1144,6159,0,Premium Buyers
1145,6160,0,Premium Buyers
1146,6162,1,Budget Buyers
1147,6170,0,Premium Buyers
1148,6177,3,Convenience-seeker Buyers
1149,6180,0,Premium Buyers
1150,6189,2,Regular Buyers
1151,6197,3,Convenience-seeker Buyers
1152,6220,0,Premium Buyers
1153,6229,2,Regular Buyers
1154,6235,0,Premium Buyers
1155,6237,4,Occassional Buyers
1156,6239,3,Convenience-seeker Buyers
1157,6240,1,Budget Buyers
1158,6245,4,Occassional Buyers
1159,6246,3,Convenience-seeker Buyers
1160,6248,2,Regular Buyers
1161,6250,0,Premium Buyers
1162,6251,1,Budget Buyers
1163,6252,1,Budget Buyers
1164,6254,0,Premium Buyers
1165,6258,1,Budget Buyers
1166,6267,0,Premium Buyers
1167,6270,3,Convenience-seeker Buyers
1168,6292,0,Premium Buyers
1169,6294,1,Budget Buyers
1170,6299,2,Regular Buyers
1171,6305,0,Premium Buyers
1172,6314,2,Regular Buyers
1173,6327,0,Premium Buyers
1174,6330,3,Convenience-seeker Buyers
1175,6333,3,Convenience-seeker Buyers
1176,6335,4,Occassional Buyers
1177,6340,2,Regular Buyers
1178,6344,3,Convenience-seeker Buyers
1179,6348,3,Convenience-seeker Buyers
1180,6350,0,Premium Buyers
1181,6355,3,Convenience-seeker Buyers
1182,6358,0,Premium Buyers
1183,6365,2,Regular Buyers
1184,6370,2,Regular Buyers
1185,6394,0,Premium Buyers
1186,6395,0,Premium Buyers
1187,6396,4,Occassional Buyers
1188,6409,4,Occassional Buyers
1189,6414,3,Convenience-seeker Buyers
1190,6415,3,Convenience-seeker Buyers
1191,6428,1,Budget Buyers
1192,6432,1,Budget Buyers
1193,6434,1,Budget Buyers
1194,6441,0,Premium Buyers
1195,6453,3,Convenience-seeker Buyers
1196,6454,3,Convenience-seeker Buyers
1197,6460,1,Budget Buyers
1198,6461,2,Regular Buyers
1199,6462,3,Convenience-seeker Buyers
1200,6465,3,Convenience-seeker Buyers
1201,6468,0,Premium Buyers
1202,6470,1,Budget Buyers
1203,6471,1,Budget Buyers
1204,6483,3,Convenience-seeker Buyers
1205,6497,2,Regular Buyers
1206,6506,0,Premium Buyers
1207,6521,2,Regular Buyers
1208,6523,0,Premium Buyers
1209,6536,3,Convenience-seeker Buyers
1210,6537,0,Premium Buyers
1211,6538,0,Premium Buyers
1212,6540,4,Occassional Buyers
1213,6541,2,Regular Buyers
1214,6558,0,Premium Buyers
1215,6562,3,Convenience-seeker Buyers
1216,6565,3,Convenience-seeker Buyers
1217,6566,0,Premium Buyers
1218,6569,3,Convenience-seeker Buyers
1219,6573,2,Regular Buyers
1220,6587,3,Convenience-seeker Buyers
1221,6588,1,Budget Buyers
1222,6590,1,Budget Buyers
1223,6600,3,Convenience-seeker Buyers
1224,6602,3,Convenience-seeker Buyers
1225,6609,2,Regular Buyers
1226,6618,1,Budget Buyers
1227,6620,1,Budget Buyers
1228,6621,1,Budget Buyers
1229,6622,0,Premium Buyers
1230,6631,1,Budget Buyers
1231,6632,2,Regular Buyers
1232,6647,3,Convenience-seeker Buyers
1233,6654,1,Budget Buyers
1234,6668,2,Regular Buyers
1235,6674,1,Budget Buyers
1236,6680,2,Regular Buyers
1237,6695,3,Convenience-seeker Buyers
1238,6701,0,Premium Buyers
1239,6709,0,Premium Buyers
1240,6712,3,Convenience-seeker Buyers
1241,6716,3,Convenience-seeker Buyers
1242,6731,4,Occassional Buyers
1243,6738,1,Budget Buyers
1244,6744,2,Regular Buyers
1245,6745,4,Occassional Buyers
1246,6748,0,Premium Buyers
1247,6750,0,Premium Buyers
1248,6751,3,Convenience-seeker Buyers
1249,6752,0,Premium Buyers
1250,6759,2,Regular Buyers
1251,6760,2,Regular Buyers
1252,6762,3,Convenience-seeker Buyers
1253,6764,0,Premium Buyers
1254,6778,1,Budget Buyers
1255,6781,3,Convenience-seeker Buyers
1256,6787,1,Budget Buyers
1257,6791,4,Occassional Buyers
1258,6795,3,Convenience-seeker Buyers
1259,6797,2,Regular Buyers
1260,6798,0,Premium Buyers
1261,6802,3,Convenience-seeker Buyers
1262,6804,3,Convenience-seeker Buyers
1263,6805,1,Budget Buyers
1264,6806,1,Budget Buyers
1265,6809,1,Budget Buyers
1266,6811,0,Premium Buyers
1267,6832,1,Budget Buyers
1268,6834,0,Premium Buyers
1269,6847,3,Convenience-seeker Buyers
1270,6848,2,Regular Buyers
1271,6856,0,Premium Buyers
1272,6871,3,Convenience-seeker Buyers
1273,6875,1,Budget Buyers
1274,6889,3,Convenience-seeker Buyers
1275,6894,0,Premium Buyers
1276,6899,3,Convenience-seeker Buyers
1277,6904,3,Convenience-seeker Buyers
1278,6913,0,Premium Buyers
1279,6917,1,Budget Buyers
1280,6920,1,Budget Buyers
1281,6922,1,Budget Buyers
1282,6923,0,Premium Buyers
1283,6924,3,Convenience-seeker Buyers
1284,6937,1,Budget Buyers
1285,6939,0,Premium Buyers
1286,6940,0,Premium Buyers
1287,6945,0,Premium Buyers
1288,6948,0,Premium Buyers
1289,6950,4,Occassional Buyers
1290,6951,2,Regular Buyers
1291,6952,2,Regular Buyers
1292,6953,0,Premium Buyers
1293,6954,4,Occassional Buyers
1294,6955,1,Budget Buyers
1295,6967,1,Budget Buyers
1296,6970,4,Occassional Buyers
1297,6981,0,Premium Buyers
1298,6985,0,Premium Buyers
1299,6989,0,Premium Buyers
1300,6992,1,Budget Buyers
1301,7005,2,Regular Buyers
1302,7010,1,Budget Buyers
1303,7013,3,Convenience-seeker Buyers
1304,7016,3,Convenience-seeker Buyers
1305,7017,1,Budget Buyers
1306,7019,0,Premium Buyers
1307,7032,0,Premium Buyers
1308,7036,4,Occassional Buyers
1309,7041,1,Budget Buyers
1310,7044,1,Budget Buyers
1311,7046,0,Premium Buyers
1312,7053,0,Premium Buyers
1313,7061,4,Occassional Buyers
1314,7063,4,Occassional Buyers
1315,7064,3,Convenience-seeker Buyers
1316,7067,2,Regular Buyers
1317,7068,0,Premium Buyers
1318,7074,2,Regular Buyers
1319,7077,0,Premium Buyers
1320,7079,0,Premium Buyers
1321,7083,1,Budget Buyers
1322,7091,1,Budget Buyers
1323,7093,1,Budget Buyers
1324,7094,1,Budget Buyers
1325,7104,3,Convenience-seeker Buyers
1326,7110,1,Budget Buyers
1327,7124,1,Budget Buyers
1328,7126,0,Premium Buyers
1329,7127,1,Budget Buyers
1330,7130,1,Budget Buyers
1331,7131,0,Premium Buyers
1332,7132,4,Occassional Buyers
1333,7135,4,Occassional Buyers
1334,7138,1,Budget Buyers
1335,7141,1,Budget Buyers
1336,7145,0,Premium Buyers
1337,7146,1,Budget Buyers
1338,7148,1,Budget Buyers
1339,7150,4,Occassional Buyers
1340,7158,1,Budget Buyers
1341,7161,4,Occassional Buyers
1342,7172,4,Occassional Buyers
1343,7175,3,Convenience-seeker Buyers
1344,7191,2,Regular Buyers
1345,7199,3,Convenience-seeker Buyers
1346,7210,2,Regular Buyers
1347,7219,2,Regular Buyers
1348,7250,3,Convenience-seeker Buyers
1349,7251,1,Budget Buyers
1350,7257,1,Budget Buyers
1351,7263,0,Premium Buyers
1352,7269,1,Budget Buyers
1353,7276,3,Convenience-seeker Buyers
1354,7280,1,Budget Buyers
1355,7289,2,Regular Buyers
1356,7299,0,Premium Buyers
1357,7302,3,Convenience-seeker Buyers
1358,7303,3,Convenience-seeker Buyers
1359,7307,3,Convenience-seeker Buyers
1360,7314,1,Budget Buyers
1361,7329,2,Regular Buyers
1362,7330,0,Premium Buyers
1363,7331,2,Regular Buyers
1364,7334,1,Budget Buyers
1365,7336,3,Convenience-seeker Buyers
1366,7342,3,Convenience-seeker Buyers
1367,7345,2,Regular Buyers
1368,7346,4,Occassional Buyers
1369,7359,1,Budget Buyers
1370,7362,3,Convenience-seeker Buyers
1371,7365,0,Premium Buyers
1372,7368,4,Occassional Buyers
1373,7372,1,Budget Buyers
1374,7379,2,Regular Buyers
1375,7384,2,Regular Buyers
1376,7385,2,Regular Buyers
1377,7386,2,Regular Buyers
1378,7399,0,Premium Buyers
1379,7401,0,Premium Buyers
1380,7405,1,Budget Buyers
1381,7406,2,Regular Buyers
1382,7407,1,Budget Buyers
1383,7414,3,Convenience-seeker Buyers
1384,7418,1,Budget Buyers
1385,7422,4,Occassional Buyers
1386,7428,1,Budget Buyers
1387,7433,1,Budget Buyers
1388,7435,1,Budget Buyers
1389,7436,1,Budget Buyers
1390,7448,1,Budget Buyers
1391,7454,2,Regular Buyers
1392,7458,3,Convenience-seeker Buyers
1393,7460,1,Budget Buyers
1394,7462,3,Convenience-seeker Buyers
1395,7470,1,Budget Buyers
1396,7478,4,Occassional Buyers
1397,7479,0,Premium Buyers
1398,7484,0,Premium Buyers
1399,7494,1,Budget Buyers
1400,7499,1,Budget Buyers
1401,7513,0,Premium Buyers
1402,7516,2,Regular Buyers
1403,7517,1,Budget Buyers
1404,7518,3,Convenience-seeker Buyers
1405,7520,4,Occassional Buyers
1406,7529,3,Convenience-seeker Buyers
1407,7531,0,Premium Buyers
1408,7536,2,Regular Buyers
1409,7538,2,Regular Buyers
1410,7554,1,Budget Buyers
1411,7559,3,Convenience-seeker Buyers
1412,7560,4,Occassional Buyers
1413,7572,1,Budget Buyers
1414,7576,1,Budget Buyers
1415,7587,2,Regular Buyers
1416,7604,3,Convenience-seeker Buyers
1417,7607,3,Convenience-seeker Buyers
1418,7620,4,Occassional Buyers
1419,7621,1,Budget Buyers
1420,7626,2,Regular Buyers
1421,7643,3,Convenience-seeker Buyers
1422,7644,1,Budget Buyers
1423,7650,0,Premium Buyers
1424,7658,3,Convenience-seeker Buyers
1425,7660,3,Convenience-seeker Buyers
1426,7665,0,Premium Buyers
1427,7675,2,Regular Buyers
1428,7683,3,Convenience-seeker Buyers
1429,7699,2,Regular Buyers
1430,7700,3,Convenience-seeker Buyers
1431,7705,1,Budget Buyers
1432,7710,3,Convenience-seeker Buyers
1433,7715,0,Premium Buyers
1434,7726,2,Regular Buyers
1435,7729,2,Regular Buyers
1436,7747,2,Regular Buyers
1437,7756,1,Budget Buyers
1438,7758,0,Premium Buyers
1439,7773,1,Budget Buyers
1440,7782,3,Convenience-seeker Buyers
1441,7789,1,Budget Buyers
1442,7792,0,Premium Buyers
1443,7806,3,Convenience-seeker Buyers
1444,7814,0,Premium Buyers
1445,7816,0,Premium Buyers
1446,7823,2,Regular Buyers
1447,7825,1,Budget Buyers
1448,7830,1,Budget Buyers
1449,7840,0,Premium Buyers
1450,7843,1,Budget Buyers
1451,7849,3,Convenience-seeker Buyers
1452,7855,3,Convenience-seeker Buyers
1453,7874,1,Budget Buyers
1454,7881,3,Convenience-seeker Buyers
1455,7884,0,Premium Buyers
1456,7897,0,Premium Buyers
1457,7903,1,Budget Buyers
1458,7905,1,Budget Buyers
1459,7910,0,Premium Buyers
1460,7914,3,Convenience-seeker Buyers
1461,7944,3,Convenience-seeker Buyers
1462,7955,3,Convenience-seeker Buyers
1463,7957,2,Regular Buyers
1464,7964,0,Premium Buyers
1465,7969,4,Occassional Buyers
1466,7973,4,Occassional Buyers
1467,7977,3,Convenience-seeker Buyers
1468,7991,1,Budget Buyers
1469,7996,3,Convenience-seeker Buyers
1470,8011,2,Regular Buyers
1471,8022,0,Premium Buyers
1472,8061,4,Occassional Buyers
1473,8062,1,Budget Buyers
1474,8065,1,Budget Buyers
1475,8066,3,Convenience-seeker Buyers
1476,8069,0,Premium Buyers
1477,8071,3,Convenience-seeker Buyers
1478,8074,1,Budget Buyers
1479,8087,1,Budget Buyers
1480,8092,1,Budget Buyers
1481,8099,0,Premium Buyers
1482,8108,3,Convenience-seeker Buyers
1483,8115,3,Convenience-seeker Buyers
1484,8116,1,Budget Buyers
1485,8118,1,Budget Buyers
1486,8119,4,Occassional Buyers
1487,8137,4,Occassional Buyers
1488,8142,2,Regular Buyers
1489,8145,3,Convenience-seeker Buyers
1490,8152,2,Regular Buyers
1491,8154,1,Budget Buyers
1492,8165,0,Premium Buyers
1493,8171,0,Premium Buyers
1494,8178,3,Convenience-seeker Buyers
1495,8179,2,Regular Buyers
1496,8181,4,Occassional Buyers
1497,8198,4,Occassional Buyers
1498,8207,3,Convenience-seeker Buyers
1499,8217,1,Budget Buyers
1500,8220,0,Premium Buyers
1501,8226,3,Convenience-seeker Buyers
1502,8245,0,Premium Buyers
1503,8247,1,Budget Buyers
1504,8248,1,Budget Buyers
1505,8251,4,Occassional Buyers
1506,8255,1,Budget Buyers
1507,8257,1,Budget Buyers
1508,8266,0,Premium Buyers
1509,8270,4,Occassional Buyers
1510,8275,1,Budget Buyers
1511,8284,2,Regular Buyers
1512,8287,3,Convenience-seeker Buyers
1513,8294,2,Regular Buyers
1514,8299,1,Budget Buyers
1515,8305,4,Occassional Buyers
1516,8307,1,Budget Buyers
1517,8322,0,Premium Buyers
1518,8325,1,Budget Buyers
1519,8326,4,Occassional Buyers
1520,8331,2,Regular Buyers
1521,8333,1,Budget Buyers
1522,8335,1,Budget Buyers
1523,8336,3,Convenience-seeker Buyers
1524,8338,2,Regular Buyers
1525,8341,4,Occassional Buyers
1526,8360,1,Budget Buyers
1527,8371,2,Regular Buyers
1528,8373,0,Premium Buyers
1529,8377,4,Occassional Buyers
1530,8380,1,Budget Buyers
1531,8381,0,Premium Buyers
1532,8387,3,Convenience-seeker Buyers
1533,8388,0,Premium Buyers
1534,8391,1,Budget Buyers
1535,8392,3,Convenience-seeker Buyers
1536,8407,1,Budget Buyers
1537,8410,1,Budget Buyers
1538,8417,3,Convenience-seeker Buyers
1539,8427,3,Convenience-seeker Buyers
1540,8428,1,Budget Buyers
1541,8429,0,Premium Buyers
1542,8434,2,Regular Buyers
1543,8442,3,Convenience-seeker Buyers
1544,8450,0,Premium Buyers
1545,8455,0,Premium Buyers
1546,8456,0,Premium Buyers
1547,8459,1,Budget Buyers
1548,8461,3,Convenience-seeker Buyers
1549,8464,2,Regular Buyers
1550,8477,1,Budget Buyers
1551,8478,1,Budget Buyers
1552,8485,1,Budget Buyers
1553,8488,2,Regular Buyers
1554,8504,0,Premium Buyers
1555,8519,1,Budget Buyers
1556,8520,0,Premium Buyers
1557,8523,1,Budget Buyers
1558,8536,0,Premium Buyers
1559,8539,1,Budget Buyers
1560,8540,1,Budget Buyers
1561,8543,1,Budget Buyers
1562,8548,2,Regular Buyers
1563,8552,2,Regular Buyers
1564,8557,2,Regular Buyers
1565,8562,3,Convenience-seeker Buyers
1566,8563,3,Convenience-seeker Buyers
1567,8564,3,Convenience-seeker Buyers
1568,8567,1,Budget Buyers
1569,8568,3,Convenience-seeker Buyers
1570,8577,0,Premium Buyers
1571,8584,2,Regular Buyers
1572,8586,1,Budget Buyers
1573,8588,1,Budget Buyers
1574,8606,1,Budget Buyers
1575,8607,0,Premium Buyers
1576,8614,2,Regular Buyers
1577,8622,3,Convenience-seeker Buyers
1578,8623,1,Budget Buyers
1579,8636,3,Convenience-seeker Buyers
1580,8639,0,Premium Buyers
1581,8647,1,Budget Buyers
1582,8657,3,Convenience-seeker Buyers
1583,8660,3,Convenience-seeker Buyers
1584,8662,2,Regular Buyers
1585,8668,3,Convenience-seeker Buyers
1586,8673,3,Convenience-seeker Buyers
1587,8677,3,Convenience-seeker Buyers
1588,8678,2,Regular Buyers
1589,8680,0,Premium Buyers
1590,8685,1,Budget Buyers
1591,8688,2,Regular Buyers
1592,8689,2,Regular Buyers
1593,8693,2,Regular Buyers
1594,8694,1,Budget Buyers
1595,8701,4,Occassional Buyers
1596,8717,2,Regular Buyers
1597,8719,2,Regular Buyers
1598,8720,0,Premium Buyers
1599,8733,3,Convenience-seeker Buyers
1600,8735,3,Convenience-seeker Buyers
1601,8738,3,Convenience-seeker Buyers
1602,8746,1,Budget Buyers
1603,8754,0,Premium Buyers
1604,8756,0,Premium Buyers
1605,8759,1,Budget Buyers
1606,8778,2,Regular Buyers
1607,8784,1,Budget Buyers
1608,8789,2,Regular Buyers
1609,8796,0,Premium Buyers
1610,8799,3,Convenience-seeker Buyers
1611,8803,4,Occassional Buyers
1612,8812,3,Convenience-seeker Buyers
1613,8813,3,Convenience-seeker Buyers
1614,8814,3,Convenience-seeker Buyers
1615,8819,0,Premium Buyers
1616,8833,3,Convenience-seeker Buyers
1617,8836,1,Budget Buyers
1618,8840,2,Regular Buyers
1619,8841,2,Regular Buyers
1620,8844,3,Convenience-seeker Buyers
1621,8847,4,Occassional Buyers
1622,8851,0,Premium Buyers
1623,8862,2,Regular Buyers
1624,8863,3,Convenience-seeker Buyers
1625,8876,1,Budget Buyers
1626,8888,1,Budget Buyers
1627,8893,1,Budget Buyers
1628,8909,1,Budget Buyers
1629,8911,3,Convenience-seeker Buyers
1630,8912,2,Regular Buyers
1631,8947,1,Budget Buyers
1632,8953,1,Budget Buyers
1633,8966,0,Premium Buyers
1634,8968,1,Budget Buyers
1635,8972,2,Regular Buyers
1636,8982,0,Premium Buyers
1637,8987,2,Regular Buyers
1638,8994,0,Premium Buyers
1639,8997,1,Budget Buyers
1640,9001,1,Budget Buyers
1641,9011,2,Regular Buyers
1642,9016,3,Convenience-seeker Buyers
1643,9023,4,Occassional Buyers
1644,9027,1,Budget Buyers
1645,9030,3,Convenience-seeker Buyers
1646,9042,0,Premium Buyers
1647,9052,3,Convenience-seeker Buyers
1648,9054,1,Budget Buyers
1649,9057,3,Convenience-seeker Buyers
1650,9066,0,Premium Buyers
1651,9067,1,Budget Buyers
1652,9070,0,Premium Buyers
1653,9076,2,Regular Buyers
1654,9078,2,Regular Buyers
1655,9083,3,Convenience-seeker Buyers
1656,9089,3,Convenience-seeker Buyers
1657,9090,0,Premium Buyers
1658,9093,0,Premium Buyers
1659,9097,2,Regular Buyers
1660,9098,3,Convenience-seeker Buyers
1661,9105,4,Occassional Buyers
1662,9110,1,Budget Buyers
1663,9112,2,Regular Buyers
1664,9118,1,Budget Buyers
1665,9122,1,Budget Buyers
1666,9123,4,Occassional Buyers
1667,9125,3,Convenience-seeker Buyers
1668,9126,3,Convenience-seeker Buyers
1669,9127,1,Budget Buyers
1670,9128,0,Premium Buyers
1671,9137,0,Premium Buyers
1672,9139,3,Convenience-seeker Buyers
1673,9146,1,Budget Buyers
1674,9154,3,Convenience-seeker Buyers
1675,9157,0,Premium Buyers
1676,9158,2,Regular Buyers
1677,9164,3,Convenience-seeker Buyers
1678,9190,0,Premium Buyers
1679,9191,0,Premium Buyers
1680,9206,0,Premium Buyers
1681,9207,3,Convenience-seeker Buyers
1682,9208,0,Premium Buyers
1683,9209,1,Budget Buyers
1684,9219,2,Regular Buyers
1685,9221,3,Convenience-seeker Buyers
1686,9225,3,Convenience-seeker Buyers
1687,9230,4,Occassional Buyers
1688,9232,3,Convenience-seeker Buyers
1689,9256,3,Convenience-seeker Buyers
1690,9258,0,Premium Buyers
1691,9260,2,Regular Buyers
1692,9261,2,Regular Buyers
1693,9264,2,Regular Buyers
1694,9266,0,Premium Buyers
1695,9269,2,Regular Buyers
1696,9270,4,Occassional Buyers
1697,9271,0,Premium Buyers
1698,9285,2,Regular Buyers
1699,9293,4,Occassional Buyers
1700,9295,1,Budget Buyers
1701,9297,1,Budget Buyers
1702,9311,1,Budget Buyers
1703,9320,3,Convenience-seeker Buyers
1704,9326,1,Budget Buyers
1705,9328,2,Regular Buyers
1706,9333,1,Budget Buyers
1707,9339,2,Regular Buyers
1708,9342,2,Regular Buyers
1709,9349,2,Regular Buyers
1710,9362,0,Premium Buyers
1711,9369,2,Regular Buyers
1712,9374,1,Budget Buyers
1713,9378,3,Convenience-seeker Buyers
1714,9380,3,Convenience-seeker Buyers
1715,9382,2,Regular Buyers
1716,9383,2,Regular Buyers
1717,9392,0,Premium Buyers
1718,9397,2,Regular Buyers
1719,9398,3,Convenience-seeker Buyers
1720,9400,1,Budget Buyers
1721,9406,1,Budget Buyers
1722,9412,3,Convenience-seeker Buyers
1723,9419,0,Premium Buyers
1724,9420,1,Budget Buyers
1725,9423,2,Regular Buyers
1726,9424,0,Premium Buyers
1727,9427,2,Regular Buyers
1728,9435,1,Budget Buyers
1729,9449,3,Convenience-seeker Buyers
1730,9458,0,Premium Buyers
1731,9465,2,Regular Buyers
1732,9470,0,Premium Buyers
1733,9471,3,Convenience-seeker Buyers
1734,9476,1,Budget Buyers
1735,9484,2,Regular Buyers
1736,9487,0,Premium Buyers
1737,9491,3,Convenience-seeker Buyers
1738,9492,4,Occassional Buyers
1739,9499,0,Premium Buyers
1740,9501,3,Convenience-seeker Buyers
1741,9502,3,Convenience-seeker Buyers
1742,9511,3,Convenience-seeker Buyers
1743,9516,0,Premium Buyers
1744,9521,3,Convenience-seeker Buyers
1745,9526,1,Budget Buyers
1746,9527,1,Budget Buyers
1747,9556,3,Convenience-seeker Buyers
1748,9564,2,Regular Buyers
1749,9580,4,Occassional Buyers
1750,9584,1,Budget Buyers
1751,9586,3,Convenience-seeker Buyers
1752,9587,3,Convenience-seeker Buyers
1753,9588,3,Convenience-seeker Buyers
1754,9592,3,Convenience-seeker Buyers
1755,9593,3,Convenience-seeker Buyers
1756,9600,3,Convenience-seeker Buyers
1757,9602,0,Premium Buyers
1758,9604,2,Regular Buyers
1759,9606,0,Premium Buyers
1760,9608,3,Convenience-seeker Buyers
1761,9611,2,Regular Buyers
1762,9622,4,Occassional Buyers
1763,9624,3,Convenience-seeker Buyers
1764,9625,4,Occassional Buyers
1765,9634,0,Premium Buyers
1766,9643,4,Occassional Buyers
1767,9647,4,Occassional Buyers
1768,9655,3,Convenience-seeker Buyers
1769,9656,3,Convenience-seeker Buyers
1770,9667,0,Premium Buyers
1771,9675,3,Convenience-seeker Buyers
1772,9679,3,Convenience-seeker Buyers
1773,9682,3,Convenience-seeker Buyers
1774,9699,2,Regular Buyers
1775,9703,3,Convenience-seeker Buyers
1776,9706,3,Convenience-seeker Buyers
1777,9715,0,Premium Buyers
1778,9718,0,Premium Buyers
1779,9727,0,Premium Buyers
1780,9728,2,Regular Buyers
1781,9729,2,Regular Buyers
1782,9730,0,Premium Buyers
1783,9735,3,Convenience-seeker Buyers
1784,9740,4,Occassional Buyers
1785,9748,1,Budget Buyers
1786,9750,3,Convenience-seeker Buyers
1787,9751,1,Budget Buyers
1788,9756,3,Convenience-seeker Buyers
1789,9757,2,Regular Buyers
1790,9760,1,Budget Buyers
1791,9762,0,Premium Buyers
1792,9767,3,Convenience-seeker Buyers
1793,9778,2,Regular Buyers
1794,9784,0,Premium Buyers
1795,9802,3,Convenience-seeker Buyers
1796,9807,0,Premium Buyers
1797,9808,1,Budget Buyers
1798,9814,3,Convenience-seeker Buyers
1799,9819,2,Regular Buyers
1800,9825,2,Regular Buyers
1801,9836,4,Occassional Buyers
1802,9847,1,Budget Buyers
1803,9853,0,Premium Buyers
1804,9855,1,Budget Buyers
1805,9856,1,Budget Buyers
1806,9863,0,Premium Buyers
1807,9868,3,Convenience-seeker Buyers
1808,9879,3,Convenience-seeker Buyers
1809,9886,3,Convenience-seeker Buyers
1810,9902,1,Budget Buyers
1811,9903,2,Regular Buyers
1812,9904,1,Budget Buyers
1813,9918,3,Convenience-seeker Buyers
1814,9927,3,Convenience-seeker Buyers
1815,9941,3,Convenience-seeker Buyers
1816,9946,2,Regular Buyers
1817,9948,0,Premium Buyers
1818,9949,2,Regular Buyers
1819,9953,2,Regular Buyers
1820,9966,0,Premium Buyers
1821,9968,3,Convenience-seeker Buyers
1822,9974,3,Convenience-seeker Buyers
1823,9975,3,Convenience-seeker Buyers
1824,9977,3,Convenience-seeker Buyers
1825,9983,4,Occassional Buyers
1826,9985,3,Convenience-seeker Buyers
1827,10000,2,Regular Buyers
1828,10008,3,Convenience-seeker Buyers
1829,10013,3,Convenience-seeker Buyers
1830,10015,0,Premium Buyers
1831,10022,2,Regular Buyers
1832,10023,3,Convenience-seeker Buyers
1833,10030,2,Regular Buyers
1834,10041,1,Budget Buyers
1835,10072,4,Occassional Buyers
1836,10086,0,Premium Buyers
1837,10087,3,Convenience-seeker Buyers
1838,10093,2,Regular Buyers
1839,10094,1,Budget Buyers
1840,10098,3,Convenience-seeker Buyers
1841,10107,1,Budget Buyers
1842,10108,3,Convenience-seeker Buyers
1843,10113,3,Convenience-seeker Buyers
1844,10114,0,Premium Buyers
1845,10126,2,Regular Buyers
1846,10127,1,Budget Buyers
1847,10129,1,Budget Buyers
1848,10133,1,Budget Buyers
1849,10137,3,Convenience-seeker Buyers
1850,10146,4,Occassional Buyers
1851,10153,1,Budget Buyers
1852,10155,3,Convenience-seeker Buyers
1853,10159,0,Premium Buyers
1854,10163,1,Budget Buyers
1855,10165,3,Convenience-seeker Buyers
1856,10168,3,Convenience-seeker Buyers
1857,10172,3,Convenience-seeker Buyers
1858,10174,3,Convenience-seeker Buyers
1859,10176,2,Regular Buyers
1860,10184,3,Convenience-seeker Buyers
1861,10188,3,Convenience-seeker Buyers
1862,10189,1,Budget Buyers
1863,10197,0,Premium Buyers
1864,10222,3,Convenience-seeker Buyers
1865,10223,2,Regular Buyers
1866,10232,4,Occassional Buyers
1867,10234,3,Convenience-seeker Buyers
1868,10242,1,Budget Buyers
1869,10248,2,Regular Buyers
1870,10252,3,Convenience-seeker Buyers
1871,10256,3,Convenience-seeker Buyers
1872,10260,3,Convenience-seeker Buyers
1873,10261,3,Convenience-seeker Buyers
1874,10263,3,Convenience-seeker Buyers
1875,10271,3,Convenience-seeker Buyers
1876,10275,1,Budget Buyers
1877,10278,1,Budget Buyers
1878,10283,3,Convenience-seeker Buyers
1879,10293,3,Convenience-seeker Buyers
1880,10310,1,Budget Buyers
1881,10318,1,Budget Buyers
1882,10320,3,Convenience-seeker Buyers
1883,10328,3,Convenience-seeker Buyers
1884,10329,3,Convenience-seeker Buyers
1885,10330,1,Budget Buyers
1886,10341,4,Occassional Buyers
1887,10342,2,Regular Buyers
1888,10346,0,Premium Buyers
1889,10352,1,Budget Buyers
1890,10355,3,Convenience-seeker Buyers
1891,10357,2,Regular Buyers
1892,10360,1,Budget Buyers
1893,10363,3,Convenience-seeker Buyers
1894,10365,3,Convenience-seeker Buyers
1895,10367,3,Convenience-seeker Buyers
1896,10375,3,Convenience-seeker Buyers
1897,10382,1,Budget Buyers
1898,10386,3,Convenience-seeker Buyers
1899,10390,3,Convenience-seeker Buyers
1900,10392,1,Budget Buyers
1901,10396,3,Convenience-seeker Buyers
1902,10401,1,Budget Buyers
1903,10408,0,Premium Buyers
1904,10410,2,Regular Buyers
1905,10419,4,Occassional Buyers
1906,10421,3,Convenience-seeker Buyers
1907,10425,0,Premium Buyers
1908,10426,1,Budget Buyers
1909,10427,2,Regular Buyers
1910,10431,1,Budget Buyers
1911,10433,1,Budget Buyers
1912,10438,0,Premium Buyers
1913,10443,3,Convenience-seeker Buyers
1914,10447,1,Budget Buyers
1915,10450,4,Occassional Buyers
1916,10451,3,Convenience-seeker Buyers
1917,10476,3,Convenience-seeker Buyers
1918,10481,3,Convenience-seeker Buyers
1919,10483,1,Budget Buyers
1920,10495,0,Premium Buyers
1921,10505,4,Occassional Buyers
1922,10509,1,Budget Buyers
1923,10510,1,Budget Buyers
1924,10512,3,Convenience-seeker Buyers
1925,10514,3,Convenience-seeker Buyers
1926,10518,3,Convenience-seeker Buyers
1927,10519,1,Budget Buyers
1928,10528,2,Regular Buyers
1929,10537,2,Regular Buyers
1930,10538,0,Premium Buyers
1931,10540,0,Premium Buyers
1932,10543,3,Convenience-seeker Buyers
1933,10544,2,Regular Buyers
1934,10549,3,Convenience-seeker Buyers
1935,10551,0,Premium Buyers
1936,10554,1,Budget Buyers
1937,10557,4,Occassional Buyers
1938,10558,2,Regular Buyers
1939,10564,1,Budget Buyers
1940,10570,2,Regular Buyers
1941,10572,1,Budget Buyers
1942,10587,1,Budget Buyers
1943,10590,3,Convenience-seeker Buyers
1944,10591,3,Convenience-seeker Buyers
1945,10594,3,Convenience-seeker Buyers
1946,10599,2,Regular Buyers
1947,10605,3,Convenience-seeker Buyers
1948,10613,0,Premium Buyers
1949,10619,4,Occassional Buyers
1950,10628,2,Regular Buyers
1951,10635,0,Premium Buyers
1952,10643,1,Budget Buyers
1953,10657,3,Convenience-seeker Buyers
1954,10660,0,Premium Buyers
1955,10662,1,Budget Buyers
1956,10669,3,Convenience-seeker Buyers
1957,10673,3,Convenience-seeker Buyers
1958,10683,1,Budget Buyers
1959,10689,3,Convenience-seeker Buyers
1960,10693,3,Convenience-seeker Buyers
1961,10697,2,Regular Buyers
1962,10700,4,Occassional Buyers
1963,10701,2,Regular Buyers
1964,10703,1,Budget Buyers
1965,10706,2,Regular Buyers
1966,10707,1,Budget Buyers
1967,10710,1,Budget Buyers
1968,10714,3,Convenience-seeker Buyers
1969,10725,3,Convenience-seeker Buyers
1970,10728,3,Convenience-seeker Buyers
1971,10732,2,Regular Buyers
1972,10740,3,Convenience-seeker Buyers
1973,10743,3,Convenience-seeker Buyers
1974,10744,0,Premium Buyers
1975,10753,1,Budget Buyers
1976,10761,2,Regular Buyers
1977,10765,2,Regular Buyers
1978,10767,0,Premium Buyers
1979,10781,3,Convenience-seeker Buyers
1980,10786,3,Convenience-seeker Buyers
1981,10802,3,Convenience-seeker Buyers
1982,10805,1,Budget Buyers
1983,10807,2,Regular Buyers
1984,10809,1,Budget Buyers
1985,10814,3,Convenience-seeker Buyers
1986,10816,1,Budget Buyers
1987,10818,2,Regular Buyers
1988,10822,3,Convenience-seeker Buyers
1989,10827,3,Convenience-seeker Buyers
1990,10840,1,Budget Buyers
1991,10847,3,Convenience-seeker Buyers
1992,10856,0,Premium Buyers
1993,10862,0,Premium Buyers
1994,10869,2,Regular Buyers
1995,10873,3,Convenience-seeker Buyers
1996,10880,3,Convenience-seeker Buyers
1997,10885,0,Premium Buyers
1998,10891,3,Convenience-seeker Buyers
1999,10896,3,Convenience-seeker Buyers
2000,10901,4,Occassional Buyers
2001,10904,1,Budget Buyers
2002,10908,2,Regular Buyers
2003,10911,1,Budget Buyers
2004,10914,1,Budget Buyers
2005,10918,1,Budget Buyers
2006,10925,2,Regular Buyers
2007,10928,0,Premium Buyers
2008,10931,1,Budget Buyers
2009,10945,3,Convenience-seeker Buyers
2010,10950,2,Regular Buyers
2011,10958,3,Convenience-seeker Buyers
2012,10963,1,Budget Buyers
2013,10965,2,Regular Buyers
2014,10967,2,Regular Buyers
2015,10975,1,Budget Buyers
2016,10979,3,Convenience-seeker Buyers
2017,10981,2,Regular Buyers
2018,10985,1,Budget Buyers
2019,10992,2,Regular Buyers
2020,10999,3,Convenience-seeker Buyers
2021,11002,0,Premium Buyers
2022,11008,3,Convenience-seeker Buyers
2023,11026,3,Convenience-seeker Buyers
2024,11037,2,Regular Buyers
2025,11038,3,Convenience-seeker Buyers
2026,11054,1,Budget Buyers
2027,11057,1,Budget Buyers
2028,11059,0,Premium Buyers
2029,11061,1,Budget Buyers
2030,11066,1,Budget Buyers
2031,11068,0,Premium Buyers
2032,11069,3,Convenience-seeker Buyers
2033,11071,2,Regular Buyers
2034,11078,1,Budget Buyers
2035,11080,1,Budget Buyers
2036,11087,3,Convenience-seeker Buyers
2037,11090,2,Regular Buyers
2038,11103,2,Regular Buyers
2039,11104,3,Convenience-seeker Buyers
2040,11106,2,Regular Buyers
2041,11108,3,Convenience-seeker Buyers
2042,11112,3,Convenience-seeker Buyers
2043,11114,2,Regular Buyers
2044,11127,2,Regular Buyers
2045,11140,3,Convenience-seeker Buyers
2046,11143,3,Convenience-seeker Buyers
2047,11151,1,Budget Buyers
2048,11156,1,Budget Buyers
2049,11157,3,Convenience-seeker Buyers
2050,11159,3,Convenience-seeker Buyers
2051,11163,3,Convenience-seeker Buyers
2052,11164,2,Regular Buyers
2053,11174,2,Regular Buyers
2054,11180,1,Budget Buyers
2055,11182,2,Regular Buyers
2056,11187,1,Budget Buyers
2057,11190,1,Budget Buyers
2058,11191,2,Regular Buyers
2059,11194,2,Regular Buyers
2060,11195,3,Convenience-seeker Buyers
2061,11197,2,Regular Buyers
2062,11204,3,Convenience-seeker Buyers
2063,11208,3,Convenience-seeker Buyers
2064,11211,0,Premium Buyers
2065,11221,4,Occassional Buyers
2066,11229,3,Convenience-seeker Buyers
2067,11233,2,Regular Buyers
2068,11242,2,Regular Buyers
2069,11246,3,Convenience-seeker Buyers
2070,11247,3,Convenience-seeker Buyers
2071,11249,3,Convenience-seeker Buyers
2072,11259,3,Convenience-seeker Buyers
2073,11260,4,Occassional Buyers
2074,11265,2,Regular Buyers
2075,11268,3,Convenience-seeker Buyers
2076,11280,2,Regular Buyers
2077,11284,3,Convenience-seeker Buyers
2078,11285,2,Regular Buyers
2079,11286,3,Convenience-seeker Buyers
2080,11288,2,Regular Buyers
2081,11291,3,Convenience-seeker Buyers
2082,11297,2,Regular Buyers
2083,11298,1,Budget Buyers
2084,11315,3,Convenience-seeker Buyers
2085,11322,2,Regular Buyers
2086,11323,2,Regular Buyers
2087,11324,3,Convenience-seeker Buyers
2088,11330,0,Premium Buyers
2089,11334,1,Budget Buyers
2090,11339,2,Regular Buyers
2091,11343,0,Premium Buyers
2092,11346,2,Regular Buyers
2093,11347,1,Budget Buyers
2094,11348,2,Regular Buyers
2095,11349,3,Convenience-seeker Buyers
2096,11350,1,Budget Buyers
2097,11353,3,Convenience-seeker Buyers
2098,11355,3,Convenience-seeker Buyers
2099,11357,4,Occassional Buyers
2100,11362,3,Convenience-seeker Buyers
2101,11365,3,Convenience-seeker Buyers
2102,11368,3,Convenience-seeker Buyers
2103,11379,3,Convenience-seeker Buyers
2104,11381,2,Regular Buyers
2105,11387,3,Convenience-seeker Buyers
2106,11394,3,Convenience-seeker Buyers
2107,11400,0,Premium Buyers
2108,11401,2,Regular Buyers
2109,11408,1,Budget Buyers
2110,11420,0,Premium Buyers
2111,11423,2,Regular Buyers
2112,11430,2,Regular Buyers
2113,11433,3,Convenience-seeker Buyers
2114,11441,1,Budget Buyers
2115,11454,2,Regular Buyers
2116,11456,3,Convenience-seeker Buyers
2117,11461,3,Convenience-seeker Buyers
2118,11466,2,Regular Buyers
2119,11473,0,Premium Buyers
2120,11475,2,Regular Buyers
2121,11476,2,Regular Buyers
2122,11481,1,Budget Buyers
2123,11500,3,Convenience-seeker Buyers
2124,11508,0,Premium Buyers
2125,11509,4,Occassional Buyers
2126,11510,2,Regular Buyers
2127,11511,2,Regular Buyers
2128,11520,1,Budget Buyers
2129,11524,1,Budget Buyers
2130,11526,2,Regular Buyers
2131,11528,2,Regular Buyers
2132,11530,2,Regular Buyers
2133,11555,3,Convenience-seeker Buyers
2134,11559,4,Occassional Buyers
2135,11560,1,Budget Buyers
2136,11563,3,Convenience-seeker Buyers
2137,11565,4,Occassional Buyers
2138,11567,1,Budget Buyers
2139,11572,4,Occassional Buyers
2140,11579,2,Regular Buyers
2141,11585,2,Regular Buyers
2142,11592,3,Convenience-seeker Buyers
2143,11596,1,Budget Buyers
2144,11607,1,Budget Buyers
2145,11609,3,Convenience-seeker Buyers
2146,11610,0,Premium Buyers
2147,11613,2,Regular Buyers
2148,11614,3,Convenience-seeker Buyers
2149,11615,1,Budget Buyers
2150,11620,3,Convenience-seeker Buyers
2151,11633,1,Budget Buyers
2152,11634,1,Budget Buyers
2153,11640,3,Convenience-seeker Buyers
2154,11641,3,Convenience-seeker Buyers
2155,11644,3,Convenience-seeker Buyers
2156,11649,1,Budget Buyers
2157,11650,3,Convenience-seeker Buyers
2158,11651,3,Convenience-seeker Buyers
2159,11657,1,Budget Buyers
2160,11658,1,Budget Buyers
2161,11662,2,Regular Buyers
2162,11666,1,Budget Buyers
2163,11669,2,Regular Buyers
2164,11672,3,Convenience-seeker Buyers
2165,11675,2,Regular Buyers
2166,11676,2,Regular Buyers
2167,11679,3,Convenience-seeker Buyers
2168,11682,1,Budget Buyers
2169,11695,3,Convenience-seeker Buyers
2170,11701,4,Occassional Buyers
2171,11706,1,Budget Buyers
2172,11710,1,Budget Buyers
2173,11724,1,Budget Buyers
2174,11728,1,Budget Buyers
2175,11737,2,Regular Buyers
2176,11753,4,Occassional Buyers
2177,11761,0,Premium Buyers
2178,11769,4,Occassional Buyers
2179,11770,4,Occassional Buyers
2180,11771,0,Premium Buyers
2181,11777,4,Occassional Buyers
2182,11784,0,Premium Buyers
2183,11790,4,Occassional Buyers
2184,11791,0,Premium Buyers
2185,11796,0,Premium Buyers
2186,11798,1,Budget Buyers
2187,11801,0,Premium Buyers
2188,11803,4,Occassional Buyers
2189,11808,4,Occassional Buyers
2190,11816,4,Occassional Buyers
2191,11825,4,Occassional Buyers
2192,11830,0,Premium Buyers
2193,11834,4,Occassional Buyers
2194,11835,0,Premium Buyers
2195,11843,0,Premium Buyers
2196,11844,4,Occassional Buyers
2197,11845,0,Premium Buyers
2198,11846,4,Occassional Buyers
2199,11861,4,Occassional Buyers
2200,11868,4,Occassional Buyers
2201,11878,0,Premium Buyers
2202,11885,0,Premium Buyers
2203,11886,0,Premium Buyers
2204,11889,0,Premium Buyers
2205,11894,4,Occassional Buyers
2206,11895,4,Occassional Buyers
2207,11896,0,Premium Buyers
2208,11905,4,Occassional Buyers
2209,11911,0,Premium Buyers
2210,11919,0,Premium Buyers
2211,11926,4,Occassional Buyers
2212,11927,4,Occassional Buyers
2213,11936,0,Premium Buyers
2214,11937,0,Premium Buyers
2215,11943,4,Occassional Buyers
2216,11951,0,Premium Buyers
2217,11954,4,Occassional Buyers
2218,11956,4,Occassional Buyers
2219,11957,0,Premium Buyers
2220,11960,0,Premium Buyers
2221,11967,0,Premium Buyers
2222,11971,0,Premium Buyers
2223,11974,0,Premium Buyers
2224,11981,0,Premium Buyers
2225,11988,4,Occassional Buyers
2226,11990,0,Premium Buyers
2227,12000,4,Occassional Buyers
2228,12008,1,Budget Buyers
2229,12014,0,Premium Buyers
2230,12016,3,Convenience-seeker Buyers
2231,12019,1,Budget Buyers
2232,12020,1,Budget Buyers
2233,12027,1,Budget Buyers
2234,12031,1,Budget Buyers
2235,12038,1,Budget Buyers
2236,12043,3,Convenience-seeker Buyers
2237,12047,1,Budget Buyers
2238,12055,1,Budget Buyers
2239,12058,1,Budget Buyers
2240,12075,4,Occassional Buyers
2241,12076,4,Occassional Buyers
2242,12077,1,Budget Buyers
2243,12084,4,Occassional Buyers
2244,12091,0,Premium Buyers
2245,12095,4,Occassional Buyers
2246,12097,2,Regular Buyers
2247,12103,1,Budget Buyers
2248,12110,1,Budget Buyers
2249,12114,0,Premium Buyers
2250,12120,0,Premium Buyers
2251,12128,4,Occassional Buyers
2252,12130,2,Regular Buyers
2253,12135,1,Budget Buyers
2254,12137,4,Occassional Buyers
2255,12139,3,Convenience-seeker Buyers
2256,12147,1,Budget Buyers
2257,12149,0,Premium Buyers
2258,12153,4,Occassional Buyers
2259,12156,0,Premium Buyers
2260,12158,0,Premium Buyers
2261,12159,4,Occassional Buyers
2262,12170,3,Convenience-seeker Buyers
2263,12171,1,Budget Buyers
2264,12182,1,Budget Buyers
2265,12183,3,Convenience-seeker Buyers
2266,12188,1,Budget Buyers
2267,12189,2,Regular Buyers
2268,12195,0,Premium Buyers
2269,12198,4,Occassional Buyers
2270,12201,4,Occassional Buyers
2271,12202,0,Premium Buyers
2272,12212,0,Premium Buyers
2273,12215,0,Premium Buyers
2274,12218,1,Budget Buyers
2275,12221,1,Budget Buyers
2276,12227,1,Budget Buyers
2277,12230,2,Regular Buyers
2278,12234,4,Occassional Buyers
2279,12237,0,Premium Buyers
2280,12245,4,Occassional Buyers
2281,12264,1,Budget Buyers
2282,12266,4,Occassional Buyers
2283,12269,1,Budget Buyers
2284,12271,1,Budget Buyers
2285,12276,3,Convenience-seeker Buyers
2286,12277,1,Budget Buyers
2287,12286,0,Premium Buyers
2288,12310,1,Budget Buyers
2289,12323,1,Budget Buyers
2290,12329,3,Convenience-seeker Buyers
2291,12331,0,Premium Buyers
2292,12338,1,Budget Buyers
2293,12339,0,Premium Buyers
2294,12344,1,Budget Buyers
2295,12345,4,Occassional Buyers
2296,12346,1,Budget Buyers
2297,12356,4,Occassional Buyers
2298,12357,2,Regular Buyers
2299,12360,1,Budget Buyers
2300,12361,0,Premium Buyers
2301,12363,0,Premium Buyers
2302,12372,1,Budget Buyers
2303,12379,1,Budget Buyers
2304,12391,0,Premium Buyers
2305,12393,1,Budget Buyers
2306,12394,4,Occassional Buyers
2307,12398,1,Budget Buyers
2308,12401,1,Budget Buyers
2309,12409,0,Premium Buyers
2310,12412,1,Budget Buyers
2311,12419,0,Premium Buyers
2312,12422,1,Budget Buyers
2313,12432,3,Convenience-seeker Buyers
2314,12434,1,Budget Buyers
2315,12437,1,Budget Buyers
2316,12440,1,Budget Buyers
2317,12443,1,Budget Buyers
2318,12450,0,Premium Buyers
2319,12452,1,Budget Buyers
2320,12453,0,Premium Buyers
2321,12467,4,Occassional Buyers
2322,12473,1,Budget Buyers
2323,12474,4,Occassional Buyers
2324,12476,1,Budget Buyers
2325,12480,1,Budget Buyers
2326,12482,0,Premium Buyers
2327,12483,4,Occassional Buyers
2328,12485,0,Premium Buyers
2329,12489,3,Convenience-seeker Buyers
2330,12490,4,Occassional Buyers
2331,12508,0,Premium Buyers
2332,12510,4,Occassional Buyers
2333,12511,0,Premium Buyers
2334,12517,1,Budget Buyers
2335,12520,0,Premium Buyers
2336,12522,1,Budget Buyers
2337,12523,1,Budget Buyers
2338,12530,1,Budget Buyers
2339,12537,1,Budget Buyers
2340,12538,4,Occassional Buyers
2341,12541,1,Budget Buyers
2342,12545,3,Convenience-seeker Buyers
2343,12548,1,Budget Buyers
2344,12550,1,Budget Buyers
2345,12557,2,Regular Buyers
2346,12562,4,Occassional Buyers
2347,12563,4,Occassional Buyers
2348,12569,2,Regular Buyers
2349,12570,1,Budget Buyers
2350,12573,1,Budget Buyers
2351,12574,0,Premium Buyers
2352,12576,4,Occassional Buyers
2353,12596,1,Budget Buyers
2354,12598,1,Budget Buyers
2355,12606,0,Premium Buyers
2356,12611,0,Premium Buyers
2357,12613,0,Premium Buyers
2358,12616,1,Budget Buyers
2359,12618,1,Budget Buyers
2360,12628,1,Budget Buyers
2361,12635,1,Budget Buyers
2362,12640,1,Budget Buyers
2363,12641,3,Convenience-seeker Buyers
2364,12644,4,Occassional Buyers
2365,12647,1,Budget Buyers
2366,12650,4,Occassional Buyers
2367,12657,1,Budget Buyers
2368,12668,2,Regular Buyers
2369,12675,4,Occassional Buyers
2370,12682,0,Premium Buyers
2371,12687,3,Convenience-seeker Buyers
2372,12693,0,Premium Buyers
2373,12703,0,Premium Buyers
2374,12705,1,Budget Buyers
2375,12707,4,Occassional Buyers
2376,12711,0,Premium Buyers
2377,12719,1,Budget Buyers
2378,12721,4,Occassional Buyers
2379,12731,0,Premium Buyers
2380,12733,0,Premium Buyers
2381,12735,0,Premium Buyers
2382,12738,1,Budget Buyers
2383,12739,0,Premium Buyers
2384,12744,2,Regular Buyers
2385,12746,0,Premium Buyers
2386,12753,0,Premium Buyers
2387,12766,0,Premium Buyers
2388,12771,0,Premium Buyers
2389,12778,1,Budget Buyers
2390,12792,1,Budget Buyers
2391,12796,2,Regular Buyers
2392,12798,4,Occassional Buyers
2393,12800,1,Budget Buyers
2394,12816,1,Budget Buyers
2395,12825,4,Occassional Buyers
2396,12828,1,Budget Buyers
2397,12829,0,Premium Buyers
2398,12831,1,Budget Buyers
2399,12834,0,Premium Buyers
2400,12838,1,Budget Buyers
2401,12844,0,Premium Buyers
2402,12846,1,Budget Buyers
2403,12847,4,Occassional Buyers
2404,12852,4,Occassional Buyers
2405,12855,1,Budget Buyers
2406,12861,1,Budget Buyers
2407,12862,4,Occassional Buyers
2408,12863,4,Occassional Buyers
2409,12865,1,Budget Buyers
2410,12872,4,Occassional Buyers
2411,12874,1,Budget Buyers
2412,12875,4,Occassional Buyers
2413,12883,4,Occassional Buyers
2414,12886,1,Budget Buyers
2415,12889,4,Occassional Buyers
2416,12901,0,Premium Buyers
2417,12915,1,Budget Buyers
2418,12917,0,Premium Buyers
2419,12920,4,Occassional Buyers
2420,12922,4,Occassional Buyers
2421,12925,1,Budget Buyers
2422,12930,0,Premium Buyers
2423,12934,4,Occassional Buyers
2424,12935,1,Budget Buyers
2425,12945,1,Budget Buyers
2426,12946,1,Budget Buyers
2427,12950,4,Occassional Buyers
2428,12964,4,Occassional Buyers
2429,12968,0,Premium Buyers
2430,12969,4,Occassional Buyers
2431,12973,0,Premium Buyers
2432,12978,1,Budget Buyers
2433,12981,0,Premium Buyers
2434,12993,1,Budget Buyers
2435,13002,0,Premium Buyers
2436,13006,1,Budget Buyers
2437,13017,4,Occassional Buyers
2438,13029,0,Premium Buyers
2439,13031,1,Budget Buyers
2440,13034,1,Budget Buyers
2441,13038,4,Occassional Buyers
2442,13041,3,Convenience-seeker Buyers
2443,13047,0,Premium Buyers
2444,13048,4,Occassional Buyers
2445,13056,0,Premium Buyers
2446,13057,3,Convenience-seeker Buyers
2447,13060,3,Convenience-seeker Buyers
2448,13069,4,Occassional Buyers
2449,13072,1,Budget Buyers
2450,13086,1,Budget Buyers
2451,13090,1,Budget Buyers
2452,13095,1,Budget Buyers
2453,13099,4,Occassional Buyers
2454,13101,0,Premium Buyers
2455,13109,1,Budget Buyers
2456,13111,4,Occassional Buyers
2457,13118,3,Convenience-seeker Buyers
2458,13122,1,Budget Buyers
2459,13131,2,Regular Buyers
2460,13138,4,Occassional Buyers
2461,13143,1,Budget Buyers
2462,13147,0,Premium Buyers
2463,13148,3,Convenience-seeker Buyers
2464,13161,4,Occassional Buyers
2465,13165,2,Regular Buyers
2466,13166,1,Budget Buyers
2467,13169,4,Occassional Buyers
2468,13181,0,Premium Buyers
2469,13182,0,Premium Buyers
2470,13188,1,Budget Buyers
2471,13189,1,Budget Buyers
2472,13201,0,Premium Buyers
2473,13205,0,Premium Buyers
2474,13206,3,Convenience-seeker Buyers
2475,13210,1,Budget Buyers
2476,13211,1,Budget Buyers
2477,13218,1,Budget Buyers
2478,13227,1,Budget Buyers
2479,13238,1,Budget Buyers
2480,13250,0,Premium Buyers
2481,13253,4,Occassional Buyers
2482,13254,4,Occassional Buyers
2483,13266,1,Budget Buyers
2484,13268,1,Budget Buyers
2485,13270,1,Budget Buyers
2486,13274,4,Occassional Buyers
2487,13275,1,Budget Buyers
2488,13277,1,Budget Buyers
2489,13281,4,Occassional Buyers
2490,13301,1,Budget Buyers
2491,13307,1,Budget Buyers
2492,13316,0,Premium Buyers
2493,13323,1,Budget Buyers
2494,13334,2,Regular Buyers
2495,13339,1,Budget Buyers
2496,13340,1,Budget Buyers
2497,13366,1,Budget Buyers
2498,13367,4,Occassional Buyers
2499,13368,1,Budget Buyers
2500,13370,4,Occassional Buyers
2501,13374,0,Premium Buyers
2502,13376,0,Premium Buyers
2503,13378,0,Premium Buyers
2504,13380,4,Occassional Buyers
2505,13391,1,Budget Buyers
2506,13394,1,Budget Buyers
2507,13397,1,Budget Buyers
2508,13405,4,Occassional Buyers
2509,13409,2,Regular Buyers
2510,13412,0,Premium Buyers
2511,13419,4,Occassional Buyers
2512,13420,1,Budget Buyers
2513,13427,1,Budget Buyers
2514,13429,0,Premium Buyers
2515,13431,3,Convenience-seeker Buyers
2516,13432,4,Occassional Buyers
2517,13441,3,Convenience-seeker Buyers
2518,13449,4,Occassional Buyers
2519,13454,0,Premium Buyers
2520,13456,1,Budget Buyers
2521,13468,4,Occassional Buyers
2522,13470,1,Budget Buyers
2523,13476,4,Occassional Buyers
2524,13502,1,Budget Buyers
2525,13504,3,Convenience-seeker Buyers
2526,13508,1,Budget Buyers
2527,13517,1,Budget Buyers
2528,13531,4,Occassional Buyers
2529,13535,4,Occassional Buyers
2530,13536,1,Budget Buyers
2531,13537,1,Budget Buyers
2532,13545,4,Occassional Buyers
2533,13550,0,Premium Buyers
2534,13551,4,Occassional Buyers
2535,13564,4,Occassional Buyers
2536,13572,2,Regular Buyers
2537,13580,0,Premium Buyers
2538,13588,4,Occassional Buyers
2539,13600,1,Budget Buyers
2540,13601,3,Convenience-seeker Buyers
2541,13605,4,Occassional Buyers
2542,13606,0,Premium Buyers
2543,13607,0,Premium Buyers
2544,13618,2,Regular Buyers
2545,13634,3,Convenience-seeker Buyers
2546,13637,1,Budget Buyers
2547,13639,2,Regular Buyers
2548,13655,1,Budget Buyers
2549,13659,0,Premium Buyers
2550,13667,4,Occassional Buyers
2551,13682,1,Budget Buyers
2552,13684,1,Budget Buyers
2553,13694,4,Occassional Buyers
2554,13695,1,Budget Buyers
2555,13696,4,Occassional Buyers
2556,13698,1,Budget Buyers
2557,13699,1,Budget Buyers
2558,13700,0,Premium Buyers
2559,13710,0,Premium Buyers
2560,13713,1,Budget Buyers
2561,13718,0,Premium Buyers
2562,13723,1,Budget Buyers
2563,13726,4,Occassional Buyers
2564,13727,1,Budget Buyers
2565,13730,0,Premium Buyers
2566,13736,1,Budget Buyers
2567,13737,4,Occassional Buyers
2568,13739,4,Occassional Buyers
2569,13745,3,Convenience-seeker Buyers
2570,13757,1,Budget Buyers
2571,13775,1,Budget Buyers
2572,13776,1,Budget Buyers
2573,13793,2,Regular Buyers
2574,13801,3,Convenience-seeker Buyers
2575,13804,1,Budget Buyers
2576,13806,3,Convenience-seeker Buyers
2577,13807,4,Occassional Buyers
2578,13826,4,Occassional Buyers
2579,13849,1,Budget Buyers
2580,13850,0,Premium Buyers
2581,13852,1,Budget Buyers
2582,13868,1,Budget Buyers
2583,13874,4,Occassional Buyers
2584,13879,0,Premium Buyers
2585,13888,1,Budget Buyers
2586,13889,0,Premium Buyers
2587,13895,4,Occassional Buyers
2588,13900,1,Budget Buyers
2589,13903,0,Premium Buyers
2590,13906,4,Occassional Buyers
2591,13908,1,Budget Buyers
2592,13913,2,Regular Buyers
2593,13921,1,Budget Buyers
2594,13925,2,Regular Buyers
2595,13928,0,Premium Buyers
2596,13932,0,Premium Buyers
2597,13935,1,Budget Buyers
2598,13936,1,Budget Buyers
2599,13939,4,Occassional Buyers
2600,13946,1,Budget Buyers
2601,13962,3,Convenience-seeker Buyers
2602,13967,4,Occassional Buyers
2603,13969,1,Budget Buyers
2604,13972,1,Budget Buyers
2605,13975,1,Budget Buyers
2606,13981,1,Budget Buyers
2607,13985,1,Budget Buyers
2608,13995,0,Premium Buyers
2609,14000,0,Premium Buyers
2610,14011,4,Occassional Buyers
2611,14014,2,Regular Buyers
2612,14021,1,Budget Buyers
2613,14027,1,Budget Buyers
2614,14037,4,Occassional Buyers
2615,14051,1,Budget Buyers
2616,14057,1,Budget Buyers
2617,14060,1,Budget Buyers
2618,14085,1,Budget Buyers
2619,14086,1,Budget Buyers
2620,14095,0,Premium Buyers
2621,14096,1,Budget Buyers
2622,14104,0,Premium Buyers
2623,14105,0,Premium Buyers
2624,14111,4,Occassional Buyers
2625,14122,1,Budget Buyers
2626,14127,1,Budget Buyers
2627,14130,3,Convenience-seeker Buyers
2628,14132,2,Regular Buyers
2629,14135,4,Occassional Buyers
2630,14138,4,Occassional Buyers
2631,14139,1,Budget Buyers
2632,14144,1,Budget Buyers
2633,14146,0,Premium Buyers
2634,14148,4,Occassional Buyers
2635,14154,1,Budget Buyers
2636,14159,1,Budget Buyers
2637,14177,2,Regular Buyers
2638,14183,1,Budget Buyers
2639,14192,0,Premium Buyers
2640,14196,1,Budget Buyers
2641,14197,0,Premium Buyers
2642,14203,3,Convenience-seeker Buyers
2643,14213,1,Budget Buyers
2644,14216,1,Budget Buyers
2645,14219,1,Budget Buyers
2646,14221,1,Budget Buyers
2647,14233,0,Premium Buyers
2648,14239,4,Occassional Buyers
2649,14240,1,Budget Buyers
2650,14251,1,Budget Buyers
2651,14253,3,Convenience-seeker Buyers
2652,14257,1,Budget Buyers
2653,14260,1,Budget Buyers
2654,14279,4,Occassional Buyers
2655,14282,2,Regular Buyers
2656,14283,1,Budget Buyers
2657,14297,1,Budget Buyers
2658,14302,4,Occassional Buyers
2659,14309,0,Premium Buyers
2660,14326,3,Convenience-seeker Buyers
2661,14329,0,Premium Buyers
2662,14335,1,Budget Buyers
2663,14343,4,Occassional Buyers
2664,14351,0,Premium Buyers
2665,14353,1,Budget Buyers
2666,14361,0,Premium Buyers
2667,14375,4,Occassional Buyers
2668,14377,0,Premium Buyers
2669,14381,0,Premium Buyers
2670,14389,0,Premium Buyers
2671,14398,4,Occassional Buyers
2672,14407,4,Occassional Buyers
2673,14409,4,Occassional Buyers
2674,14412,4,Occassional Buyers
2675,14427,1,Budget Buyers
2676,14428,1,Budget Buyers
2677,14442,1,Budget Buyers
2678,14444,0,Premium Buyers
2679,14445,4,Occassional Buyers
2680,14446,1,Budget Buyers
2681,14459,0,Premium Buyers
2682,14464,4,Occassional Buyers
2683,14481,0,Premium Buyers
2684,14495,0,Premium Buyers
2685,14496,4,Occassional Buyers
2686,14500,0,Premium Buyers
2687,14503,0,Premium Buyers
2688,14506,4,Occassional Buyers
2689,14515,0,Premium Buyers
2690,14528,0,Premium Buyers
2691,14538,0,Premium Buyers
2692,14539,0,Premium Buyers
2693,14543,3,Convenience-seeker Buyers
2694,14545,1,Budget Buyers
2695,14549,4,Occassional Buyers
2696,14554,4,Occassional Buyers
2697,14555,3,Convenience-seeker Buyers
2698,14556,1,Budget Buyers
2699,14559,0,Premium Buyers
2700,14566,1,Budget Buyers
2701,14568,4,Occassional Buyers
2702,14573,1,Budget Buyers
2703,14575,4,Occassional Buyers
2704,14577,1,Budget Buyers
2705,14586,0,Premium Buyers
2706,14595,4,Occassional Buyers
2707,14597,4,Occassional Buyers
2708,14610,4,Occassional Buyers
2709,14612,3,Convenience-seeker Buyers
2710,14613,4,Occassional Buyers
2711,14620,3,Convenience-seeker Buyers
2712,14621,1,Budget Buyers
2713,14633,1,Budget Buyers
2714,14635,1,Budget Buyers
2715,14656,4,Occassional Buyers
2716,14663,0,Premium Buyers
2717,14666,1,Budget Buyers
2718,14668,0,Premium Buyers
2719,14670,0,Premium Buyers
2720,14671,1,Budget Buyers
2721,14674,0,Premium Buyers
2722,14678,4,Occassional Buyers
2723,14680,0,Premium Buyers
2724,14695,0,Premium Buyers
2725,14700,0,Premium Buyers
2726,14706,4,Occassional Buyers
2727,14711,1,Budget Buyers
2728,14713,1,Budget Buyers
2729,14716,0,Premium Buyers
2730,14719,3,Convenience-seeker Buyers
2731,14723,1,Budget Buyers
2732,14727,4,Occassional Buyers
2733,14728,0,Premium Buyers
2734,14734,0,Premium Buyers
2735,14737,3,Convenience-seeker Buyers
2736,14741,4,Occassional Buyers
2737,14761,0,Premium Buyers
2738,14768,0,Premium Buyers
2739,14770,3,Convenience-seeker Buyers
2740,14778,0,Premium Buyers
2741,14780,4,Occassional Buyers
2742,14782,0,Premium Buyers
2743,14784,0,Premium Buyers
2744,14790,1,Budget Buyers
2745,14797,3,Convenience-seeker Buyers
2746,14801,1,Budget Buyers
2747,14805,0,Premium Buyers
2748,14806,1,Budget Buyers
2749,14817,0,Premium Buyers
2750,14819,4,Occassional Buyers
2751,14825,0,Premium Buyers
2752,14828,1,Budget Buyers
2753,14834,1,Budget Buyers
2754,14837,1,Budget Buyers
2755,14839,4,Occassional Buyers
2756,14846,0,Premium Buyers
2757,14848,0,Premium Buyers
2758,14866,1,Budget Buyers
2759,14870,1,Budget Buyers
2760,14871,4,Occassional Buyers
2761,14872,4,Occassional Buyers
2762,14880,1,Budget Buyers
2763,14881,1,Budget Buyers
2764,14885,4,Occassional Buyers
2765,14887,4,Occassional Buyers
2766,14891,1,Budget Buyers
2767,14893,3,Convenience-seeker Buyers
2768,14907,0,Premium Buyers
2769,14909,4,Occassional Buyers
2770,14910,4,Occassional Buyers
2771,14920,4,Occassional Buyers
2772,14922,4,Occassional Buyers
2773,14931,0,Premium Buyers
2774,14932,1,Budget Buyers
2775,14951,1,Budget Buyers
2776,14962,1,Budget Buyers
2777,14963,4,Occassional Buyers
2778,14967,3,Convenience-seeker Buyers
2779,14974,0,Premium Buyers
2780,14976,0,Premium Buyers
2781,14979,4,Occassional Buyers
2782,14982,0,Premium Buyers
2783,14984,4,Occassional Buyers
2784,14995,1,Budget Buyers
2785,14998,4,Occassional Buyers
2786,14999,0,Premium Buyers
2787,15003,0,Premium Buyers
2788,15016,4,Occassional Buyers
2789,15018,0,Premium Buyers
2790,15019,4,Occassional Buyers
2791,15022,0,Premium Buyers
2792,15024,1,Budget Buyers
2793,15035,4,Occassional Buyers
2794,15059,4,Occassional Buyers
2795,15068,0,Premium Buyers
2796,15070,1,Budget Buyers
2797,15076,0,Premium Buyers
2798,15091,4,Occassional Buyers
2799,15114,3,Convenience-seeker Buyers
2800,15118,1,Budget Buyers
2801,15125,4,Occassional Buyers
2802,15135,3,Convenience-seeker Buyers
2803,15142,1,Budget Buyers
2804,15144,0,Premium Buyers
2805,15145,0,Premium Buyers
2806,15150,2,Regular Buyers
2807,15160,0,Premium Buyers
2808,15167,0,Premium Buyers
2809,15177,0,Premium Buyers
2810,15191,0,Premium Buyers
2811,15196,4,Occassional Buyers
2812,15197,1,Budget Buyers
2813,15203,3,Convenience-seeker Buyers
2814,15215,0,Premium Buyers
2815,15217,3,Convenience-seeker Buyers
2816,15221,4,Occassional Buyers
2817,15227,4,Occassional Buyers
2818,15234,4,Occassional Buyers
2819,15239,4,Occassional Buyers
2820,15240,4,Occassional Buyers
2821,15245,0,Premium Buyers
2822,15249,2,Regular Buyers
2823,15259,1,Budget Buyers
2824,15262,0,Premium Buyers
2825,15263,0,Premium Buyers
2826,15265,0,Premium Buyers
2827,15268,4,Occassional Buyers
2828,15270,1,Budget Buyers
2829,15274,0,Premium Buyers
2830,15276,4,Occassional Buyers
2831,15280,0,Premium Buyers
2832,15282,4,Occassional Buyers
2833,15284,1,Budget Buyers
2834,15294,1,Budget Buyers
2835,15302,2,Regular Buyers
2836,15308,0,Premium Buyers
2837,15310,0,Premium Buyers
2838,15311,4,Occassional Buyers
2839,15316,3,Convenience-seeker Buyers
2840,15328,4,Occassional Buyers
2841,15335,1,Budget Buyers
2842,15339,0,Premium Buyers
2843,15344,0,Premium Buyers
2844,15347,1,Budget Buyers
2845,15354,3,Convenience-seeker Buyers
2846,15365,4,Occassional Buyers
2847,15371,4,Occassional Buyers
2848,15373,0,Premium Buyers
2849,15391,3,Convenience-seeker Buyers
2850,15394,4,Occassional Buyers
2851,15403,1,Budget Buyers
2852,15407,4,Occassional Buyers
2853,15412,1,Budget Buyers
2854,15414,1,Budget Buyers
2855,15419,0,Premium Buyers
2856,15426,3,Convenience-seeker Buyers
2857,15439,1,Budget Buyers
2858,15447,0,Premium Buyers
2859,15449,4,Occassional Buyers
2860,15455,0,Premium Buyers
2861,15458,4,Occassional Buyers
2862,15459,4,Occassional Buyers
2863,15463,4,Occassional Buyers
2864,15481,1,Budget Buyers
2865,15492,0,Premium Buyers
2866,15499,4,Occassional Buyers
2867,15502,0,Premium Buyers
2868,15503,0,Premium Buyers
2869,15513,0,Premium Buyers
2870,15527,0,Premium Buyers
2871,15541,0,Premium Buyers
2872,15544,3,Convenience-seeker Buyers
2873,15554,0,Premium Buyers
2874,15556,1,Budget Buyers
2875,15568,1,Budget Buyers
2876,15571,1,Budget Buyers
2877,15573,0,Premium Buyers
2878,15588,1,Budget Buyers
2879,15596,0,Premium Buyers
2880,15601,0,Premium Buyers
2881,15604,1,Budget Buyers
2882,15605,4,Occassional Buyers
2883,15609,0,Premium Buyers
2884,15616,0,Premium Buyers
2885,15617,0,Premium Buyers
2886,15621,0,Premium Buyers
2887,15622,1,Budget Buyers
2888,15634,4,Occassional Buyers
2889,15651,1,Budget Buyers
2890,15654,0,Premium Buyers
2891,15664,0,Premium Buyers
2892,15667,3,Convenience-seeker Buyers
2893,15669,3,Convenience-seeker Buyers
2894,15671,0,Premium Buyers
2895,15682,4,Occassional Buyers
2896,15684,1,Budget Buyers
2897,15685,3,Convenience-seeker Buyers
2898,15690,4,Occassional Buyers
2899,15702,4,Occassional Buyers
2900,15709,4,Occassional Buyers
2901,15717,3,Convenience-seeker Buyers
2902,15723,4,Occassional Buyers
2903,15728,4,Occassional Buyers
2904,15738,3,Convenience-seeker Buyers
2905,15743,1,Budget Buyers
2906,15753,0,Premium Buyers
2907,15763,1,Budget Buyers
2908,15768,0,Premium Buyers
2909,15772,1,Budget Buyers
2910,15773,4,Occassional Buyers
2911,15774,0,Premium Buyers
2912,15778,0,Premium Buyers
2913,15788,3,Convenience-seeker Buyers
2914,15793,4,Occassional Buyers
2915,15801,0,Premium Buyers
2916,15813,3,Convenience-seeker Buyers
2917,15815,1,Budget Buyers
2918,15821,4,Occassional Buyers
2919,15827,4,Occassional Buyers
2920,15831,0,Premium Buyers
2921,15838,0,Premium Buyers
2922,15839,4,Occassional Buyers
2923,15843,4,Occassional Buyers
2924,15850,4,Occassional Buyers
2925,15852,4,Occassional Buyers
2926,15864,1,Budget Buyers
2927,15865,0,Premium Buyers
2928,15875,1,Budget Buyers
2929,15879,4,Occassional Buyers
2930,15902,0,Premium Buyers
2931,15911,0,Premium Buyers
2932,15920,1,Budget Buyers
2933,15932,0,Premium Buyers
2934,15933,3,Convenience-seeker Buyers
2935,15934,3,Convenience-seeker Buyers
2936,15939,1,Budget Buyers
2937,15942,0,Premium Buyers
2938,15943,0,Premium Buyers
2939,15945,1,Budget Buyers
2940,15960,0,Premium Buyers
2941,15963,0,Premium Buyers
2942,15966,0,Premium Buyers
2943,15967,1,Budget Buyers
2944,15970,0,Premium Buyers
2945,15972,3,Convenience-seeker Buyers
2946,15978,1,Budget Buyers
2947,15980,3,Convenience-seeker Buyers
2948,16002,0,Premium Buyers
2949,16012,4,Occassional Buyers
2950,16018,4,Occassional Buyers
2951,16022,3,Convenience-seeker Buyers
2952,16029,4,Occassional Buyers
2953,16031,4,Occassional Buyers
2954,16038,0,Premium Buyers
2955,16039,0,Premium Buyers
2956,16040,4,Occassional Buyers
2957,16041,0,Premium Buyers
2958,16043,3,Convenience-seeker Buyers
2959,16048,4,Occassional Buyers
2960,16049,0,Premium Buyers
2961,16054,0,Premium Buyers
2962,16076,4,Occassional Buyers
2963,16081,0,Premium Buyers
2964,16084,0,Premium Buyers
2965,16086,0,Premium Buyers
2966,16100,4,Occassional Buyers
2967,16102,1,Budget Buyers
2968,16106,4,Occassional Buyers
2969,16117,2,Regular Buyers
2970,16125,0,Premium Buyers
2971,16140,0,Premium Buyers
2972,16144,1,Budget Buyers
2973,16154,0,Premium Buyers
2974,16163,0,Premium Buyers
2975,16165,3,Convenience-seeker Buyers
2976,16167,0,Premium Buyers
2977,16172,0,Premium Buyers
2978,16173,0,Premium Buyers
2979,16184,4,Occassional Buyers
2980,16193,1,Budget Buyers
2981,16195,3,Convenience-seeker Buyers
2982,16196,0,Premium Buyers
2983,16203,3,Convenience-seeker Buyers
2984,16205,1,Budget Buyers
2985,16220,1,Budget Buyers
2986,16227,0,Premium Buyers
2987,16229,4,Occassional Buyers
2988,16231,4,Occassional Buyers
2989,16234,0,Premium Buyers
2990,16254,0,Premium Buyers
2991,16281,1,Budget Buyers
2992,16287,0,Premium Buyers
2993,16292,3,Convenience-seeker Buyers
2994,16294,0,Premium Buyers
2995,16295,0,Premium Buyers
2996,16301,4,Occassional Buyers
2997,16303,0,Premium Buyers
2998,16306,4,Occassional Buyers
2999,16316,4,Occassional Buyers
